solid OpenSCAD_Model
  facet normal 0.740954 0.671556 0
    outer loop
      vertex 8.45711 7.95711 3.49
      vertex 8.52301 7.8844 3.5
      vertex 8.52301 7.8844 3.49
    endloop
  endfacet
  facet normal 0.740954 0.671556 0
    outer loop
      vertex 8.52301 7.8844 3.5
      vertex 8.45711 7.95711 3.49
      vertex 8.45711 7.95711 3.5
    endloop
  endfacet
  facet normal 0.904036 0.427455 0
    outer loop
      vertex 8.63193 7.72139 3.49
      vertex 8.67387 7.63269 3.5
      vertex 8.67387 7.63269 3.49
    endloop
  endfacet
  facet normal 0.904036 0.427455 0
    outer loop
      vertex 8.67387 7.63269 3.5
      vertex 8.63193 7.72139 3.49
      vertex 8.63193 7.72139 3.5
    endloop
  endfacet
  facet normal 0.988188 0.0485928 -0.145335
    outer loop
      vertex 8.75 7.25 3.49
      vertex 8.25 6.95 -0.01
      vertex 8.74518 7.34802 3.49
    endloop
  endfacet
  facet normal -0.239805 0.957713 -0.158996
    outer loop
      vertex -7.68222 7.71555 -0.01
      vertex -7.94508 8.23079 3.49
      vertex -7.60606 7.73462 -0.01
    endloop
  endfacet
  facet normal 0.671556 0.740954 0
    outer loop
      vertex 8.3844 8.02301 3.5
      vertex 8.45711 7.95711 3.49
      vertex 8.3844 8.02301 3.49
    endloop
  endfacet
  facet normal 0.671556 0.740954 -0
    outer loop
      vertex 8.45711 7.95711 3.49
      vertex 8.3844 8.02301 3.5
      vertex 8.45711 7.95711 3.5
    endloop
  endfacet
  facet normal 0.144938 -0.977599 -0.152624
    outer loop
      vertex 7.84802 -8.24518 3.49
      vertex 7.52841 -7.74614 -0.01
      vertex 7.94508 -8.23079 3.49
    endloop
  endfacet
  facet normal 0.790922 0.586575 -0.174275
    outer loop
      vertex 8.11517 7.39445 -0.01
      vertex 8.06841 7.4575 -0.01
      vertex 8.52301 7.8844 3.49
    endloop
  endfacet
  facet normal 0.586575 0.790922 -0.174275
    outer loop
      vertex 7.9575 7.56841 -0.01
      vertex 7.89445 7.61517 -0.01
      vertex 8.3844 8.02301 3.49
    endloop
  endfacet
  facet normal 0.239924 0.957682 -0.159001
    outer loop
      vertex 8.04028 8.20694 3.49
      vertex 7.68222 7.71555 -0.01
      vertex 7.94508 8.23079 3.49
    endloop
  endfacet
  facet normal 0.506472 0.844915 -0.172058
    outer loop
      vertex 7.89445 7.61517 -0.01
      vertex 7.82712 7.65553 -0.01
      vertex 8.22139 8.13193 3.49
    endloop
  endfacet
  facet normal 0.661147 0.729469 -0.175384
    outer loop
      vertex 8.45711 7.95711 3.49
      vertex 8.01569 7.51569 -0.01
      vertex 8.3844 8.02301 3.49
    endloop
  endfacet
  facet normal 0.970023 -0.243015 0
    outer loop
      vertex 8.73079 -7.44508 3.49
      vertex 8.70694 -7.54028 3.5
      vertex 8.70694 -7.54028 3.49
    endloop
  endfacet
  facet normal 0.970023 -0.243015 0
    outer loop
      vertex 8.70694 -7.54028 3.5
      vertex 8.73079 -7.44508 3.49
      vertex 8.73079 -7.44508 3.5
    endloop
  endfacet
  facet normal 0.506469 0.844917 -0.172058
    outer loop
      vertex 8.30557 8.08147 3.49
      vertex 7.89445 7.61517 -0.01
      vertex 8.22139 8.13193 3.49
    endloop
  endfacet
  facet normal 0.857709 0.514136 0
    outer loop
      vertex 8.58147 7.80557 3.49
      vertex 8.63193 7.72139 3.5
      vertex 8.63193 7.72139 3.49
    endloop
  endfacet
  facet normal 0.857709 0.514136 0
    outer loop
      vertex 8.63193 7.72139 3.5
      vertex 8.58147 7.80557 3.49
      vertex 8.58147 7.80557 3.5
    endloop
  endfacet
  facet normal 0.790937 0.586556 -0.174274
    outer loop
      vertex 8.58147 7.80557 3.49
      vertex 8.11517 7.39445 -0.01
      vertex 8.52301 7.8844 3.49
    endloop
  endfacet
  facet normal -0.514136 0.857709 0
    outer loop
      vertex -8.30557 8.08147 3.5
      vertex -8.22139 8.13193 3.49
      vertex -8.30557 8.08147 3.49
    endloop
  endfacet
  facet normal -0.514136 0.857709 0
    outer loop
      vertex -8.22139 8.13193 3.49
      vertex -8.30557 8.08147 3.5
      vertex -8.22139 8.13193 3.5
    endloop
  endfacet
  facet normal 0.427455 0.904036 0
    outer loop
      vertex 8.13269 8.17387 3.5
      vertex 8.22139 8.13193 3.49
      vertex 8.13269 8.17387 3.49
    endloop
  endfacet
  facet normal 0.427455 0.904036 -0
    outer loop
      vertex 8.22139 8.13193 3.49
      vertex 8.13269 8.17387 3.5
      vertex 8.22139 8.13193 3.5
    endloop
  endfacet
  facet normal -0.740954 -0.671556 0
    outer loop
      vertex -8.52301 -7.8844 3.5
      vertex -8.45711 -7.95711 3.49
      vertex -8.45711 -7.95711 3.5
    endloop
  endfacet
  facet normal -0.740954 -0.671556 0
    outer loop
      vertex -8.45711 -7.95711 3.49
      vertex -8.52301 -7.8844 3.5
      vertex -8.52301 -7.8844 3.49
    endloop
  endfacet
  facet normal 0.904036 -0.427455 0
    outer loop
      vertex 8.67387 -7.63269 3.49
      vertex 8.63193 -7.72139 3.5
      vertex 8.63193 -7.72139 3.49
    endloop
  endfacet
  facet normal 0.904036 -0.427455 0
    outer loop
      vertex 8.63193 -7.72139 3.5
      vertex 8.67387 -7.63269 3.49
      vertex 8.67387 -7.63269 3.5
    endloop
  endfacet
  facet normal -0.957682 0.239924 -0.159001
    outer loop
      vertex -8.21555 7.18222 -0.01
      vertex -8.73079 7.44508 3.49
      vertex -8.70694 7.54028 3.49
    endloop
  endfacet
  facet normal -0.0486468 -0.988185 -0.145341
    outer loop
      vertex -7.45 -7.75 -0.01
      vertex -7.84802 -8.24518 3.49
      vertex -7.52841 -7.74614 -0.01
    endloop
  endfacet
  facet normal 0.977583 -0.145032 -0.152633
    outer loop
      vertex 8.73079 -7.44508 3.49
      vertex 8.23462 -7.10606 -0.01
      vertex 8.24614 -7.02841 -0.01
    endloop
  endfacet
  facet normal 0.803229 0.595671 0
    outer loop
      vertex 8.52301 7.8844 3.49
      vertex 8.58147 7.80557 3.5
      vertex 8.58147 7.80557 3.49
    endloop
  endfacet
  facet normal 0.803229 0.595671 0
    outer loop
      vertex 8.58147 7.80557 3.5
      vertex 8.52301 7.8844 3.49
      vertex 8.52301 7.8844 3.5
    endloop
  endfacet
  facet normal 0.729469 0.661147 -0.175384
    outer loop
      vertex 8.52301 7.8844 3.49
      vertex 8.01569 7.51569 -0.01
      vertex 8.45711 7.95711 3.49
    endloop
  endfacet
  facet normal 0.729593 0.661009 -0.175388
    outer loop
      vertex 8.06841 7.4575 -0.01
      vertex 8.01569 7.51569 -0.01
      vertex 8.52301 7.8844 3.49
    endloop
  endfacet
  facet normal 1 0 0
    outer loop
      vertex 8.75 7.25 3.49
      vertex 8.75 -7.25 3.5
      vertex 8.75 -7.25 3.49
    endloop
  endfacet
  facet normal 1 -0 0
    outer loop
      vertex 8.75 -7.25 3.5
      vertex 8.75 7.25 3.49
      vertex 8.75 7.25 3.5
    endloop
  endfacet
  facet normal -0.144938 -0.977599 -0.152624
    outer loop
      vertex -7.84802 -8.24518 3.49
      vertex -7.94508 -8.23079 3.49
      vertex -7.52841 -7.74614 -0.01
    endloop
  endfacet
  facet normal 0.844915 0.506472 -0.172058
    outer loop
      vertex 8.15553 7.32712 -0.01
      vertex 8.11517 7.39445 -0.01
      vertex 8.63193 7.72139 3.49
    endloop
  endfacet
  facet normal -0.336937 0.941527 0
    outer loop
      vertex -8.13269 8.17387 3.5
      vertex -8.04028 8.20694 3.49
      vertex -8.13269 8.17387 3.49
    endloop
  endfacet
  facet normal -0.336937 0.941527 0
    outer loop
      vertex -8.04028 8.20694 3.49
      vertex -8.13269 8.17387 3.5
      vertex -8.04028 8.20694 3.5
    endloop
  endfacet
  facet normal 0.891072 0.421325 -0.168746
    outer loop
      vertex 8.67387 7.63269 3.49
      vertex 8.1891 7.25615 -0.01
      vertex 8.63193 7.72139 3.49
    endloop
  endfacet
  facet normal 0.514136 0.857709 0
    outer loop
      vertex 8.22139 8.13193 3.5
      vertex 8.30557 8.08147 3.49
      vertex 8.22139 8.13193 3.49
    endloop
  endfacet
  facet normal 0.514136 0.857709 -0
    outer loop
      vertex 8.30557 8.08147 3.49
      vertex 8.22139 8.13193 3.5
      vertex 8.30557 8.08147 3.5
    endloop
  endfacet
  facet normal 0.586556 0.790937 -0.174274
    outer loop
      vertex 8.3844 8.02301 3.49
      vertex 7.89445 7.61517 -0.01
      vertex 8.30557 8.08147 3.49
    endloop
  endfacet
  facet normal -0.243015 -0.970023 -0
    outer loop
      vertex -7.94508 -8.23079 3.5
      vertex -8.04028 -8.20694 3.49
      vertex -7.94508 -8.23079 3.49
    endloop
  endfacet
  facet normal -0.243015 -0.970023 0
    outer loop
      vertex -8.04028 -8.20694 3.49
      vertex -7.94508 -8.23079 3.5
      vertex -8.04028 -8.20694 3.5
    endloop
  endfacet
  facet normal 0.998793 -0.0491143 0
    outer loop
      vertex 8.75 -7.25 3.49
      vertex 8.74518 -7.34802 3.5
      vertex 8.74518 -7.34802 3.49
    endloop
  endfacet
  facet normal 0.998793 -0.0491143 0
    outer loop
      vertex 8.74518 -7.34802 3.5
      vertex 8.75 -7.25 3.49
      vertex 8.75 -7.25 3.5
    endloop
  endfacet
  facet normal -0.514136 -0.857709 -0
    outer loop
      vertex -8.22139 -8.13193 3.5
      vertex -8.30557 -8.08147 3.49
      vertex -8.22139 -8.13193 3.49
    endloop
  endfacet
  facet normal -0.514136 -0.857709 0
    outer loop
      vertex -8.30557 -8.08147 3.49
      vertex -8.22139 -8.13193 3.5
      vertex -8.30557 -8.08147 3.5
    endloop
  endfacet
  facet normal 0.661009 0.729593 -0.175388
    outer loop
      vertex 8.01569 7.51569 -0.01
      vertex 7.9575 7.56841 -0.01
      vertex 8.3844 8.02301 3.49
    endloop
  endfacet
  facet normal 0.989949 0 -0.141421
    outer loop
      vertex 8.25 6.95 -0.01
      vertex 8.75 -7.25 3.49
      vertex 8.25 -6.95 -0.01
    endloop
  endfacet
  facet normal 0.989949 0 -0.141421
    outer loop
      vertex 8.75 -7.25 3.49
      vertex 8.25 6.95 -0.01
      vertex 8.75 7.25 3.49
    endloop
  endfacet
  facet normal 0.844917 0.506469 -0.172058
    outer loop
      vertex 8.63193 7.72139 3.49
      vertex 8.11517 7.39445 -0.01
      vertex 8.58147 7.80557 3.49
    endloop
  endfacet
  facet normal -0.970023 -0.243015 0
    outer loop
      vertex -8.73079 -7.44508 3.5
      vertex -8.70694 -7.54028 3.49
      vertex -8.70694 -7.54028 3.5
    endloop
  endfacet
  facet normal -0.970023 -0.243015 0
    outer loop
      vertex -8.70694 -7.54028 3.49
      vertex -8.73079 -7.44508 3.5
      vertex -8.73079 -7.44508 3.49
    endloop
  endfacet
  facet normal -0.729469 -0.661147 -0.175384
    outer loop
      vertex -8.45711 -7.95711 3.49
      vertex -8.52301 -7.8844 3.49
      vertex -8.01569 -7.51569 -0.01
    endloop
  endfacet
  facet normal 0.421325 0.891072 -0.168746
    outer loop
      vertex 8.22139 8.13193 3.49
      vertex 7.75615 7.6891 -0.01
      vertex 8.13269 8.17387 3.49
    endloop
  endfacet
  facet normal 0.421461 0.891006 -0.168756
    outer loop
      vertex 7.82712 7.65553 -0.01
      vertex 7.75615 7.6891 -0.01
      vertex 8.22139 8.13193 3.49
    endloop
  endfacet
  facet normal -0.146656 -0.989188 -0
    outer loop
      vertex -7.84802 -8.24518 3.5
      vertex -7.94508 -8.23079 3.49
      vertex -7.84802 -8.24518 3.49
    endloop
  endfacet
  facet normal -0.146656 -0.989188 0
    outer loop
      vertex -7.94508 -8.23079 3.49
      vertex -7.84802 -8.24518 3.5
      vertex -7.94508 -8.23079 3.5
    endloop
  endfacet
  facet normal -0.506469 -0.844917 -0.172058
    outer loop
      vertex -8.22139 -8.13193 3.49
      vertex -8.30557 -8.08147 3.49
      vertex -7.89445 -7.61517 -0.01
    endloop
  endfacet
  facet normal 0.595671 0.803229 0
    outer loop
      vertex 8.30557 8.08147 3.5
      vertex 8.3844 8.02301 3.49
      vertex 8.30557 8.08147 3.49
    endloop
  endfacet
  facet normal 0.595671 0.803229 -0
    outer loop
      vertex 8.3844 8.02301 3.49
      vertex 8.30557 8.08147 3.5
      vertex 8.3844 8.02301 3.5
    endloop
  endfacet
  facet normal 0 -0.989949 -0.141421
    outer loop
      vertex 7.75 -8.25 3.49
      vertex -7.45 -7.75 -0.01
      vertex 7.45 -7.75 -0.01
    endloop
  endfacet
  facet normal 0 -0.989949 -0.141421
    outer loop
      vertex -7.45 -7.75 -0.01
      vertex 7.75 -8.25 3.49
      vertex -7.75 -8.25 3.49
    endloop
  endfacet
  facet normal -0.421325 -0.891072 -0.168746
    outer loop
      vertex -8.13269 -8.17387 3.49
      vertex -8.22139 -8.13193 3.49
      vertex -7.75615 -7.6891 -0.01
    endloop
  endfacet
  facet normal 0.928746 -0.332278 -0.164386
    outer loop
      vertex 8.70694 -7.54028 3.49
      vertex 8.1891 -7.25615 -0.01
      vertex 8.21555 -7.18222 -0.01
    endloop
  endfacet
  facet normal -0.421461 0.891006 -0.168756
    outer loop
      vertex -7.82712 7.65553 -0.01
      vertex -8.22139 8.13193 3.49
      vertex -7.75615 7.6891 -0.01
    endloop
  endfacet
  facet normal 0.0485928 -0.988188 -0.145335
    outer loop
      vertex 7.75 -8.25 3.49
      vertex 7.45 -7.75 -0.01
      vertex 7.84802 -8.24518 3.49
    endloop
  endfacet
  facet normal 0.989188 -0.146656 0
    outer loop
      vertex 8.74518 -7.34802 3.49
      vertex 8.73079 -7.44508 3.5
      vertex 8.73079 -7.44508 3.49
    endloop
  endfacet
  facet normal 0.989188 -0.146656 0
    outer loop
      vertex 8.73079 -7.44508 3.5
      vertex 8.74518 -7.34802 3.49
      vertex 8.74518 -7.34802 3.5
    endloop
  endfacet
  facet normal 0.844917 -0.506469 -0.172058
    outer loop
      vertex 8.58147 -7.80557 3.49
      vertex 8.11517 -7.39445 -0.01
      vertex 8.63193 -7.72139 3.49
    endloop
  endfacet
  facet normal 0.332353 0.928719 -0.164388
    outer loop
      vertex 8.13269 8.17387 3.49
      vertex 7.75615 7.6891 -0.01
      vertex 8.04028 8.20694 3.49
    endloop
  endfacet
  facet normal 0.427455 -0.904036 0
    outer loop
      vertex 8.22139 -8.13193 3.5
      vertex 8.13269 -8.17387 3.49
      vertex 8.22139 -8.13193 3.49
    endloop
  endfacet
  facet normal 0.427455 -0.904036 0
    outer loop
      vertex 8.13269 -8.17387 3.49
      vertex 8.22139 -8.13193 3.5
      vertex 8.13269 -8.17387 3.5
    endloop
  endfacet
  facet normal -0.0491143 -0.998793 -0
    outer loop
      vertex -7.75 -8.25 3.5
      vertex -7.84802 -8.24518 3.49
      vertex -7.75 -8.25 3.49
    endloop
  endfacet
  facet normal -0.0491143 -0.998793 0
    outer loop
      vertex -7.84802 -8.24518 3.49
      vertex -7.75 -8.25 3.5
      vertex -7.84802 -8.24518 3.5
    endloop
  endfacet
  facet normal -0.941527 0.336937 0
    outer loop
      vertex -8.67387 7.63269 3.5
      vertex -8.70694 7.54028 3.49
      vertex -8.70694 7.54028 3.5
    endloop
  endfacet
  facet normal -0.941527 0.336937 0
    outer loop
      vertex -8.70694 7.54028 3.49
      vertex -8.67387 7.63269 3.5
      vertex -8.67387 7.63269 3.49
    endloop
  endfacet
  facet normal 0.977583 0.145032 -0.152633
    outer loop
      vertex 8.24614 7.02841 -0.01
      vertex 8.23462 7.10606 -0.01
      vertex 8.73079 7.44508 3.49
    endloop
  endfacet
  facet normal 0.729469 -0.661147 -0.175384
    outer loop
      vertex 8.45711 -7.95711 3.49
      vertex 8.01569 -7.51569 -0.01
      vertex 8.52301 -7.8844 3.49
    endloop
  endfacet
  facet normal 0.421325 -0.891072 -0.168746
    outer loop
      vertex 8.13269 -8.17387 3.49
      vertex 7.75615 -7.6891 -0.01
      vertex 8.22139 -8.13193 3.49
    endloop
  endfacet
  facet normal -0.844915 -0.506472 -0.172058
    outer loop
      vertex -8.11517 -7.39445 -0.01
      vertex -8.63193 -7.72139 3.49
      vertex -8.15553 -7.32712 -0.01
    endloop
  endfacet
  facet normal -0.586556 -0.790937 -0.174274
    outer loop
      vertex -8.30557 -8.08147 3.49
      vertex -8.3844 -8.02301 3.49
      vertex -7.89445 -7.61517 -0.01
    endloop
  endfacet
  facet normal 0.957713 0.239805 -0.158996
    outer loop
      vertex 8.23462 7.10606 -0.01
      vertex 8.21555 7.18222 -0.01
      vertex 8.73079 7.44508 3.49
    endloop
  endfacet
  facet normal -0.506472 -0.844915 -0.172058
    outer loop
      vertex -7.82712 -7.65553 -0.01
      vertex -8.22139 -8.13193 3.49
      vertex -7.89445 -7.61517 -0.01
    endloop
  endfacet
  facet normal -0.595671 -0.803229 -0
    outer loop
      vertex -8.30557 -8.08147 3.5
      vertex -8.3844 -8.02301 3.49
      vertex -8.30557 -8.08147 3.49
    endloop
  endfacet
  facet normal -0.595671 -0.803229 0
    outer loop
      vertex -8.3844 -8.02301 3.49
      vertex -8.30557 -8.08147 3.5
      vertex -8.3844 -8.02301 3.5
    endloop
  endfacet
  facet normal 0.977599 -0.144938 -0.152624
    outer loop
      vertex 8.73079 -7.44508 3.49
      vertex 8.24614 -7.02841 -0.01
      vertex 8.74518 -7.34802 3.49
    endloop
  endfacet
  facet normal 0.928746 0.332278 -0.164386
    outer loop
      vertex 8.21555 7.18222 -0.01
      vertex 8.1891 7.25615 -0.01
      vertex 8.70694 7.54028 3.49
    endloop
  endfacet
  facet normal -0.661009 -0.729593 -0.175388
    outer loop
      vertex -7.9575 -7.56841 -0.01
      vertex -8.3844 -8.02301 3.49
      vertex -8.01569 -7.51569 -0.01
    endloop
  endfacet
  facet normal 0 1 0
    outer loop
      vertex -7.75 8.25 3.5
      vertex 7.75 8.25 3.49
      vertex -7.75 8.25 3.49
    endloop
  endfacet
  facet normal 0 1 -0
    outer loop
      vertex 7.75 8.25 3.49
      vertex -7.75 8.25 3.5
      vertex 7.75 8.25 3.5
    endloop
  endfacet
  facet normal -0.790922 -0.586575 -0.174275
    outer loop
      vertex -8.06841 -7.4575 -0.01
      vertex -8.52301 -7.8844 3.49
      vertex -8.11517 -7.39445 -0.01
    endloop
  endfacet
  facet normal -0.332353 -0.928719 -0.164388
    outer loop
      vertex -8.04028 -8.20694 3.49
      vertex -8.13269 -8.17387 3.49
      vertex -7.75615 -7.6891 -0.01
    endloop
  endfacet
  facet normal -0.790937 0.586556 -0.174274
    outer loop
      vertex -8.11517 7.39445 -0.01
      vertex -8.58147 7.80557 3.49
      vertex -8.52301 7.8844 3.49
    endloop
  endfacet
  facet normal -0.421461 -0.891006 -0.168756
    outer loop
      vertex -7.75615 -7.6891 -0.01
      vertex -8.22139 -8.13193 3.49
      vertex -7.82712 -7.65553 -0.01
    endloop
  endfacet
  facet normal 0.957682 0.239924 -0.159001
    outer loop
      vertex 8.73079 7.44508 3.49
      vertex 8.21555 7.18222 -0.01
      vertex 8.70694 7.54028 3.49
    endloop
  endfacet
  facet normal -0.671556 -0.740954 -0
    outer loop
      vertex -8.3844 -8.02301 3.5
      vertex -8.45711 -7.95711 3.49
      vertex -8.3844 -8.02301 3.49
    endloop
  endfacet
  facet normal -0.671556 -0.740954 0
    outer loop
      vertex -8.45711 -7.95711 3.49
      vertex -8.3844 -8.02301 3.5
      vertex -8.45711 -7.95711 3.5
    endloop
  endfacet
  facet normal -0.977599 -0.144938 -0.152624
    outer loop
      vertex -8.73079 -7.44508 3.49
      vertex -8.74518 -7.34802 3.49
      vertex -8.24614 -7.02841 -0.01
    endloop
  endfacet
  facet normal 0 0 1
    outer loop
      vertex 7.75 8.25 3.5
      vertex 8.75 7.25 3.5
      vertex 8.74518 7.34802 3.5
    endloop
  endfacet
  facet normal 0 0 1
    outer loop
      vertex 8.75 7.25 3.5
      vertex 7.75 8.25 3.5
      vertex 8.75 -7.25 3.5
    endloop
  endfacet
  facet normal 0 0 1
    outer loop
      vertex 7.75 8.25 3.5
      vertex 8.74518 7.34802 3.5
      vertex 8.73079 7.44508 3.5
    endloop
  endfacet
  facet normal 0 0 1
    outer loop
      vertex 7.75 -8.25 3.5
      vertex 8.75 -7.25 3.5
      vertex 7.75 8.25 3.5
    endloop
  endfacet
  facet normal 0 0 1
    outer loop
      vertex 7.75 8.25 3.5
      vertex 8.73079 7.44508 3.5
      vertex 8.70694 7.54028 3.5
    endloop
  endfacet
  facet normal 0 0 1
    outer loop
      vertex 8.75 -7.25 3.5
      vertex 7.75 -8.25 3.5
      vertex 8.74518 -7.34802 3.5
    endloop
  endfacet
  facet normal 0 0 1
    outer loop
      vertex 7.75 8.25 3.5
      vertex 8.70694 7.54028 3.5
      vertex 8.67387 7.63269 3.5
    endloop
  endfacet
  facet normal 0 0 1
    outer loop
      vertex 8.74518 -7.34802 3.5
      vertex 7.75 -8.25 3.5
      vertex 8.73079 -7.44508 3.5
    endloop
  endfacet
  facet normal 0 0 1
    outer loop
      vertex 7.75 8.25 3.5
      vertex 8.67387 7.63269 3.5
      vertex 8.63193 7.72139 3.5
    endloop
  endfacet
  facet normal 0 0 1
    outer loop
      vertex 8.73079 -7.44508 3.5
      vertex 7.75 -8.25 3.5
      vertex 8.70694 -7.54028 3.5
    endloop
  endfacet
  facet normal 0 0 1
    outer loop
      vertex 7.75 8.25 3.5
      vertex 8.63193 7.72139 3.5
      vertex 8.58147 7.80557 3.5
    endloop
  endfacet
  facet normal 0 0 1
    outer loop
      vertex 8.70694 -7.54028 3.5
      vertex 7.75 -8.25 3.5
      vertex 8.67387 -7.63269 3.5
    endloop
  endfacet
  facet normal 0 0 1
    outer loop
      vertex 7.75 8.25 3.5
      vertex 8.58147 7.80557 3.5
      vertex 8.52301 7.8844 3.5
    endloop
  endfacet
  facet normal 0 0 1
    outer loop
      vertex 8.67387 -7.63269 3.5
      vertex 7.75 -8.25 3.5
      vertex 8.63193 -7.72139 3.5
    endloop
  endfacet
  facet normal 0 0 1
    outer loop
      vertex 7.75 8.25 3.5
      vertex 8.52301 7.8844 3.5
      vertex 8.45711 7.95711 3.5
    endloop
  endfacet
  facet normal 0 0 1
    outer loop
      vertex 8.63193 -7.72139 3.5
      vertex 7.75 -8.25 3.5
      vertex 8.58147 -7.80557 3.5
    endloop
  endfacet
  facet normal 0 0 1
    outer loop
      vertex 7.75 8.25 3.5
      vertex 8.45711 7.95711 3.5
      vertex 8.3844 8.02301 3.5
    endloop
  endfacet
  facet normal 0 0 1
    outer loop
      vertex 8.58147 -7.80557 3.5
      vertex 7.75 -8.25 3.5
      vertex 8.52301 -7.8844 3.5
    endloop
  endfacet
  facet normal 0 0 1
    outer loop
      vertex 7.75 8.25 3.5
      vertex 8.3844 8.02301 3.5
      vertex 8.30557 8.08147 3.5
    endloop
  endfacet
  facet normal 0 0 1
    outer loop
      vertex 8.52301 -7.8844 3.5
      vertex 7.75 -8.25 3.5
      vertex 8.45711 -7.95711 3.5
    endloop
  endfacet
  facet normal 0 0 1
    outer loop
      vertex 7.75 8.25 3.5
      vertex 8.30557 8.08147 3.5
      vertex 8.22139 8.13193 3.5
    endloop
  endfacet
  facet normal 0 0 1
    outer loop
      vertex 8.45711 -7.95711 3.5
      vertex 7.75 -8.25 3.5
      vertex 8.3844 -8.02301 3.5
    endloop
  endfacet
  facet normal 0 0 1
    outer loop
      vertex 7.75 8.25 3.5
      vertex 8.22139 8.13193 3.5
      vertex 8.13269 8.17387 3.5
    endloop
  endfacet
  facet normal 0 0 1
    outer loop
      vertex 8.3844 -8.02301 3.5
      vertex 7.75 -8.25 3.5
      vertex 8.30557 -8.08147 3.5
    endloop
  endfacet
  facet normal 0 0 1
    outer loop
      vertex 7.75 8.25 3.5
      vertex 8.13269 8.17387 3.5
      vertex 8.04028 8.20694 3.5
    endloop
  endfacet
  facet normal 0 0 1
    outer loop
      vertex 8.30557 -8.08147 3.5
      vertex 7.75 -8.25 3.5
      vertex 8.22139 -8.13193 3.5
    endloop
  endfacet
  facet normal 0 0 1
    outer loop
      vertex 7.75 8.25 3.5
      vertex 8.04028 8.20694 3.5
      vertex 7.94508 8.23079 3.5
    endloop
  endfacet
  facet normal 0 0 1
    outer loop
      vertex 8.22139 -8.13193 3.5
      vertex 7.75 -8.25 3.5
      vertex 8.13269 -8.17387 3.5
    endloop
  endfacet
  facet normal 0 0 1
    outer loop
      vertex 7.75 8.25 3.5
      vertex 7.94508 8.23079 3.5
      vertex 7.84802 8.24518 3.5
    endloop
  endfacet
  facet normal 0 0 1
    outer loop
      vertex 8.13269 -8.17387 3.5
      vertex 7.75 -8.25 3.5
      vertex 8.04028 -8.20694 3.5
    endloop
  endfacet
  facet normal 0 0 1
    outer loop
      vertex 8.04028 -8.20694 3.5
      vertex 7.75 -8.25 3.5
      vertex 7.94508 -8.23079 3.5
    endloop
  endfacet
  facet normal 0 0 1
    outer loop
      vertex 7.94508 -8.23079 3.5
      vertex 7.75 -8.25 3.5
      vertex 7.84802 -8.24518 3.5
    endloop
  endfacet
  facet normal -0 0 1
    outer loop
      vertex -7.75 8.25 3.5
      vertex 7.75 -8.25 3.5
      vertex 7.75 8.25 3.5
    endloop
  endfacet
  facet normal 0 0 1
    outer loop
      vertex -7.75 8.25 3.5
      vertex -7.75 -8.25 3.5
      vertex 7.75 -8.25 3.5
    endloop
  endfacet
  facet normal 0 0 1
    outer loop
      vertex -8.75 7.25 3.5
      vertex -7.75 8.25 3.5
      vertex -7.84802 8.24518 3.5
    endloop
  endfacet
  facet normal 0 0 1
    outer loop
      vertex -7.75 8.25 3.5
      vertex -8.75 7.25 3.5
      vertex -7.75 -8.25 3.5
    endloop
  endfacet
  facet normal 0 0 1
    outer loop
      vertex -8.75 7.25 3.5
      vertex -7.84802 8.24518 3.5
      vertex -7.94508 8.23079 3.5
    endloop
  endfacet
  facet normal -0 0 1
    outer loop
      vertex -8.75 -7.25 3.5
      vertex -7.75 -8.25 3.5
      vertex -8.75 7.25 3.5
    endloop
  endfacet
  facet normal 0 0 1
    outer loop
      vertex -8.75 7.25 3.5
      vertex -7.94508 8.23079 3.5
      vertex -8.04028 8.20694 3.5
    endloop
  endfacet
  facet normal 0 0 1
    outer loop
      vertex -7.75 -8.25 3.5
      vertex -8.75 -7.25 3.5
      vertex -7.84802 -8.24518 3.5
    endloop
  endfacet
  facet normal 0 0 1
    outer loop
      vertex -8.75 7.25 3.5
      vertex -8.04028 8.20694 3.5
      vertex -8.13269 8.17387 3.5
    endloop
  endfacet
  facet normal 0 0 1
    outer loop
      vertex -7.84802 -8.24518 3.5
      vertex -8.75 -7.25 3.5
      vertex -7.94508 -8.23079 3.5
    endloop
  endfacet
  facet normal 0 0 1
    outer loop
      vertex -8.75 7.25 3.5
      vertex -8.13269 8.17387 3.5
      vertex -8.22139 8.13193 3.5
    endloop
  endfacet
  facet normal 0 0 1
    outer loop
      vertex -7.94508 -8.23079 3.5
      vertex -8.75 -7.25 3.5
      vertex -8.04028 -8.20694 3.5
    endloop
  endfacet
  facet normal 0 0 1
    outer loop
      vertex -8.75 7.25 3.5
      vertex -8.22139 8.13193 3.5
      vertex -8.30557 8.08147 3.5
    endloop
  endfacet
  facet normal 0 0 1
    outer loop
      vertex -8.04028 -8.20694 3.5
      vertex -8.75 -7.25 3.5
      vertex -8.13269 -8.17387 3.5
    endloop
  endfacet
  facet normal 0 0 1
    outer loop
      vertex -8.75 7.25 3.5
      vertex -8.30557 8.08147 3.5
      vertex -8.3844 8.02301 3.5
    endloop
  endfacet
  facet normal 0 0 1
    outer loop
      vertex -8.13269 -8.17387 3.5
      vertex -8.75 -7.25 3.5
      vertex -8.22139 -8.13193 3.5
    endloop
  endfacet
  facet normal 0 0 1
    outer loop
      vertex -8.75 7.25 3.5
      vertex -8.3844 8.02301 3.5
      vertex -8.45711 7.95711 3.5
    endloop
  endfacet
  facet normal 0 0 1
    outer loop
      vertex -8.22139 -8.13193 3.5
      vertex -8.75 -7.25 3.5
      vertex -8.30557 -8.08147 3.5
    endloop
  endfacet
  facet normal 0 0 1
    outer loop
      vertex -8.75 7.25 3.5
      vertex -8.45711 7.95711 3.5
      vertex -8.52301 7.8844 3.5
    endloop
  endfacet
  facet normal 0 0 1
    outer loop
      vertex -8.30557 -8.08147 3.5
      vertex -8.75 -7.25 3.5
      vertex -8.3844 -8.02301 3.5
    endloop
  endfacet
  facet normal 0 0 1
    outer loop
      vertex -8.75 7.25 3.5
      vertex -8.52301 7.8844 3.5
      vertex -8.58147 7.80557 3.5
    endloop
  endfacet
  facet normal 0 0 1
    outer loop
      vertex -8.3844 -8.02301 3.5
      vertex -8.75 -7.25 3.5
      vertex -8.45711 -7.95711 3.5
    endloop
  endfacet
  facet normal 0 0 1
    outer loop
      vertex -8.75 7.25 3.5
      vertex -8.58147 7.80557 3.5
      vertex -8.63193 7.72139 3.5
    endloop
  endfacet
  facet normal 0 0 1
    outer loop
      vertex -8.45711 -7.95711 3.5
      vertex -8.75 -7.25 3.5
      vertex -8.52301 -7.8844 3.5
    endloop
  endfacet
  facet normal 0 0 1
    outer loop
      vertex -8.75 7.25 3.5
      vertex -8.63193 7.72139 3.5
      vertex -8.67387 7.63269 3.5
    endloop
  endfacet
  facet normal 0 0 1
    outer loop
      vertex -8.52301 -7.8844 3.5
      vertex -8.75 -7.25 3.5
      vertex -8.58147 -7.80557 3.5
    endloop
  endfacet
  facet normal 0 0 1
    outer loop
      vertex -8.75 7.25 3.5
      vertex -8.67387 7.63269 3.5
      vertex -8.70694 7.54028 3.5
    endloop
  endfacet
  facet normal 0 0 1
    outer loop
      vertex -8.58147 -7.80557 3.5
      vertex -8.75 -7.25 3.5
      vertex -8.63193 -7.72139 3.5
    endloop
  endfacet
  facet normal 0 0 1
    outer loop
      vertex -8.75 7.25 3.5
      vertex -8.70694 7.54028 3.5
      vertex -8.73079 7.44508 3.5
    endloop
  endfacet
  facet normal 0 0 1
    outer loop
      vertex -8.63193 -7.72139 3.5
      vertex -8.75 -7.25 3.5
      vertex -8.67387 -7.63269 3.5
    endloop
  endfacet
  facet normal 0 0 1
    outer loop
      vertex -8.75 7.25 3.5
      vertex -8.73079 7.44508 3.5
      vertex -8.74518 7.34802 3.5
    endloop
  endfacet
  facet normal 0 0 1
    outer loop
      vertex -8.67387 -7.63269 3.5
      vertex -8.75 -7.25 3.5
      vertex -8.70694 -7.54028 3.5
    endloop
  endfacet
  facet normal 0 0 1
    outer loop
      vertex -8.70694 -7.54028 3.5
      vertex -8.75 -7.25 3.5
      vertex -8.73079 -7.44508 3.5
    endloop
  endfacet
  facet normal 0 0 1
    outer loop
      vertex -8.73079 -7.44508 3.5
      vertex -8.75 -7.25 3.5
      vertex -8.74518 -7.34802 3.5
    endloop
  endfacet
  facet normal 0.729593 -0.661009 -0.175388
    outer loop
      vertex 8.52301 -7.8844 3.49
      vertex 8.01569 -7.51569 -0.01
      vertex 8.06841 -7.4575 -0.01
    endloop
  endfacet
  facet normal 0.989188 0.146656 0
    outer loop
      vertex 8.73079 7.44508 3.49
      vertex 8.74518 7.34802 3.5
      vertex 8.74518 7.34802 3.49
    endloop
  endfacet
  facet normal 0.989188 0.146656 0
    outer loop
      vertex 8.74518 7.34802 3.5
      vertex 8.73079 7.44508 3.49
      vertex 8.73079 7.44508 3.5
    endloop
  endfacet
  facet normal 0.671556 -0.740954 0
    outer loop
      vertex 8.45711 -7.95711 3.5
      vertex 8.3844 -8.02301 3.49
      vertex 8.45711 -7.95711 3.49
    endloop
  endfacet
  facet normal 0.671556 -0.740954 0
    outer loop
      vertex 8.3844 -8.02301 3.49
      vertex 8.45711 -7.95711 3.5
      vertex 8.3844 -8.02301 3.5
    endloop
  endfacet
  facet normal -0.239924 -0.957682 -0.159001
    outer loop
      vertex -7.94508 -8.23079 3.49
      vertex -8.04028 -8.20694 3.49
      vertex -7.68222 -7.71555 -0.01
    endloop
  endfacet
  facet normal -0.928746 0.332278 -0.164386
    outer loop
      vertex -8.21555 7.18222 -0.01
      vertex -8.70694 7.54028 3.49
      vertex -8.1891 7.25615 -0.01
    endloop
  endfacet
  facet normal 0.957713 -0.239805 -0.158996
    outer loop
      vertex 8.73079 -7.44508 3.49
      vertex 8.21555 -7.18222 -0.01
      vertex 8.23462 -7.10606 -0.01
    endloop
  endfacet
  facet normal -0.661147 -0.729469 -0.175384
    outer loop
      vertex -8.3844 -8.02301 3.49
      vertex -8.45711 -7.95711 3.49
      vertex -8.01569 -7.51569 -0.01
    endloop
  endfacet
  facet normal -0.998793 -0.0491143 0
    outer loop
      vertex -8.75 -7.25 3.5
      vertex -8.74518 -7.34802 3.49
      vertex -8.74518 -7.34802 3.5
    endloop
  endfacet
  facet normal -0.998793 -0.0491143 0
    outer loop
      vertex -8.74518 -7.34802 3.49
      vertex -8.75 -7.25 3.5
      vertex -8.75 -7.25 3.49
    endloop
  endfacet
  facet normal 0.891006 0.421461 -0.168756
    outer loop
      vertex 8.1891 7.25615 -0.01
      vertex 8.15553 7.32712 -0.01
      vertex 8.63193 7.72139 3.49
    endloop
  endfacet
  facet normal 0.988185 0.0486468 -0.145341
    outer loop
      vertex 8.25 6.95 -0.01
      vertex 8.24614 7.02841 -0.01
      vertex 8.74518 7.34802 3.49
    endloop
  endfacet
  facet normal 0.586556 -0.790937 -0.174274
    outer loop
      vertex 8.30557 -8.08147 3.49
      vertex 7.89445 -7.61517 -0.01
      vertex 8.3844 -8.02301 3.49
    endloop
  endfacet
  facet normal 0 -1 -0
    outer loop
      vertex 7.75 -8.25 3.5
      vertex -7.75 -8.25 3.49
      vertex 7.75 -8.25 3.49
    endloop
  endfacet
  facet normal 0 -1 0
    outer loop
      vertex -7.75 -8.25 3.49
      vertex 7.75 -8.25 3.5
      vertex -7.75 -8.25 3.5
    endloop
  endfacet
  facet normal -0.336937 -0.941527 -0
    outer loop
      vertex -8.04028 -8.20694 3.5
      vertex -8.13269 -8.17387 3.49
      vertex -8.04028 -8.20694 3.49
    endloop
  endfacet
  facet normal -0.336937 -0.941527 0
    outer loop
      vertex -8.13269 -8.17387 3.49
      vertex -8.04028 -8.20694 3.5
      vertex -8.13269 -8.17387 3.5
    endloop
  endfacet
  facet normal -0.928719 0.332353 -0.164388
    outer loop
      vertex -8.1891 7.25615 -0.01
      vertex -8.70694 7.54028 3.49
      vertex -8.67387 7.63269 3.49
    endloop
  endfacet
  facet normal -0.427455 -0.904036 -0
    outer loop
      vertex -8.13269 -8.17387 3.5
      vertex -8.22139 -8.13193 3.49
      vertex -8.13269 -8.17387 3.49
    endloop
  endfacet
  facet normal -0.427455 -0.904036 0
    outer loop
      vertex -8.22139 -8.13193 3.49
      vertex -8.13269 -8.17387 3.5
      vertex -8.22139 -8.13193 3.5
    endloop
  endfacet
  facet normal -0.0485928 -0.988188 -0.145335
    outer loop
      vertex -7.75 -8.25 3.49
      vertex -7.84802 -8.24518 3.49
      vertex -7.45 -7.75 -0.01
    endloop
  endfacet
  facet normal 0.661147 -0.729469 -0.175384
    outer loop
      vertex 8.3844 -8.02301 3.49
      vertex 8.01569 -7.51569 -0.01
      vertex 8.45711 -7.95711 3.49
    endloop
  endfacet
  facet normal 0.844915 -0.506472 -0.172058
    outer loop
      vertex 8.63193 -7.72139 3.49
      vertex 8.11517 -7.39445 -0.01
      vertex 8.15553 -7.32712 -0.01
    endloop
  endfacet
  facet normal -0.239805 -0.957713 -0.158996
    outer loop
      vertex -7.60606 -7.73462 -0.01
      vertex -7.94508 -8.23079 3.49
      vertex -7.68222 -7.71555 -0.01
    endloop
  endfacet
  facet normal 0.332353 -0.928719 -0.164388
    outer loop
      vertex 8.04028 -8.20694 3.49
      vertex 7.75615 -7.6891 -0.01
      vertex 8.13269 -8.17387 3.49
    endloop
  endfacet
  facet normal 0.740954 -0.671556 0
    outer loop
      vertex 8.52301 -7.8844 3.49
      vertex 8.45711 -7.95711 3.5
      vertex 8.45711 -7.95711 3.49
    endloop
  endfacet
  facet normal 0.740954 -0.671556 0
    outer loop
      vertex 8.45711 -7.95711 3.5
      vertex 8.52301 -7.8844 3.49
      vertex 8.52301 -7.8844 3.5
    endloop
  endfacet
  facet normal -0.988185 -0.0486468 -0.145341
    outer loop
      vertex -8.24614 -7.02841 -0.01
      vertex -8.74518 -7.34802 3.49
      vertex -8.25 -6.95 -0.01
    endloop
  endfacet
  facet normal 0.957682 -0.239924 -0.159001
    outer loop
      vertex 8.70694 -7.54028 3.49
      vertex 8.21555 -7.18222 -0.01
      vertex 8.73079 -7.44508 3.49
    endloop
  endfacet
  facet normal 0.790937 -0.586556 -0.174274
    outer loop
      vertex 8.52301 -7.8844 3.49
      vertex 8.11517 -7.39445 -0.01
      vertex 8.58147 -7.80557 3.49
    endloop
  endfacet
  facet normal -0.332278 -0.928746 -0.164386
    outer loop
      vertex -7.68222 -7.71555 -0.01
      vertex -8.04028 -8.20694 3.49
      vertex -7.75615 -7.6891 -0.01
    endloop
  endfacet
  facet normal 0.586575 -0.790922 -0.174275
    outer loop
      vertex 8.3844 -8.02301 3.49
      vertex 7.89445 -7.61517 -0.01
      vertex 7.9575 -7.56841 -0.01
    endloop
  endfacet
  facet normal 0.891006 -0.421461 -0.168756
    outer loop
      vertex 8.63193 -7.72139 3.49
      vertex 8.15553 -7.32712 -0.01
      vertex 8.1891 -7.25615 -0.01
    endloop
  endfacet
  facet normal 0.891072 -0.421325 -0.168746
    outer loop
      vertex 8.63193 -7.72139 3.49
      vertex 8.1891 -7.25615 -0.01
      vertex 8.67387 -7.63269 3.49
    endloop
  endfacet
  facet normal 0.998793 0.0491143 0
    outer loop
      vertex 8.74518 7.34802 3.49
      vertex 8.75 7.25 3.5
      vertex 8.75 7.25 3.49
    endloop
  endfacet
  facet normal 0.998793 0.0491143 0
    outer loop
      vertex 8.75 7.25 3.5
      vertex 8.74518 7.34802 3.49
      vertex 8.74518 7.34802 3.5
    endloop
  endfacet
  facet normal 0.970023 0.243015 0
    outer loop
      vertex 8.70694 7.54028 3.49
      vertex 8.73079 7.44508 3.5
      vertex 8.73079 7.44508 3.49
    endloop
  endfacet
  facet normal 0.970023 0.243015 0
    outer loop
      vertex 8.73079 7.44508 3.5
      vertex 8.70694 7.54028 3.49
      vertex 8.70694 7.54028 3.5
    endloop
  endfacet
  facet normal 0.243015 -0.970023 0
    outer loop
      vertex 8.04028 -8.20694 3.5
      vertex 7.94508 -8.23079 3.49
      vertex 8.04028 -8.20694 3.49
    endloop
  endfacet
  facet normal 0.243015 -0.970023 0
    outer loop
      vertex 7.94508 -8.23079 3.49
      vertex 8.04028 -8.20694 3.5
      vertex 7.94508 -8.23079 3.5
    endloop
  endfacet
  facet normal 0.506469 -0.844917 -0.172058
    outer loop
      vertex 8.22139 -8.13193 3.49
      vertex 7.89445 -7.61517 -0.01
      vertex 8.30557 -8.08147 3.49
    endloop
  endfacet
  facet normal 0.790922 -0.586575 -0.174275
    outer loop
      vertex 8.52301 -7.8844 3.49
      vertex 8.06841 -7.4575 -0.01
      vertex 8.11517 -7.39445 -0.01
    endloop
  endfacet
  facet normal -0.506469 0.844917 -0.172058
    outer loop
      vertex -7.89445 7.61517 -0.01
      vertex -8.30557 8.08147 3.49
      vertex -8.22139 8.13193 3.49
    endloop
  endfacet
  facet normal 0.977599 0.144938 -0.152624
    outer loop
      vertex 8.74518 7.34802 3.49
      vertex 8.24614 7.02841 -0.01
      vertex 8.73079 7.44508 3.49
    endloop
  endfacet
  facet normal -0.586575 -0.790922 -0.174275
    outer loop
      vertex -7.89445 -7.61517 -0.01
      vertex -8.3844 -8.02301 3.49
      vertex -7.9575 -7.56841 -0.01
    endloop
  endfacet
  facet normal 0.332278 -0.928746 -0.164386
    outer loop
      vertex 8.04028 -8.20694 3.49
      vertex 7.68222 -7.71555 -0.01
      vertex 7.75615 -7.6891 -0.01
    endloop
  endfacet
  facet normal 0.239924 -0.957682 -0.159001
    outer loop
      vertex 7.94508 -8.23079 3.49
      vertex 7.68222 -7.71555 -0.01
      vertex 8.04028 -8.20694 3.49
    endloop
  endfacet
  facet normal 0.514136 -0.857709 0
    outer loop
      vertex 8.30557 -8.08147 3.5
      vertex 8.22139 -8.13193 3.49
      vertex 8.30557 -8.08147 3.49
    endloop
  endfacet
  facet normal 0.514136 -0.857709 0
    outer loop
      vertex 8.22139 -8.13193 3.49
      vertex 8.30557 -8.08147 3.5
      vertex 8.22139 -8.13193 3.5
    endloop
  endfacet
  facet normal 0.146656 -0.989188 0
    outer loop
      vertex 7.94508 -8.23079 3.5
      vertex 7.84802 -8.24518 3.49
      vertex 7.94508 -8.23079 3.49
    endloop
  endfacet
  facet normal 0.146656 -0.989188 0
    outer loop
      vertex 7.84802 -8.24518 3.49
      vertex 7.94508 -8.23079 3.5
      vertex 7.84802 -8.24518 3.5
    endloop
  endfacet
  facet normal 0.803229 -0.595671 0
    outer loop
      vertex 8.58147 -7.80557 3.49
      vertex 8.52301 -7.8844 3.5
      vertex 8.52301 -7.8844 3.49
    endloop
  endfacet
  facet normal 0.803229 -0.595671 0
    outer loop
      vertex 8.52301 -7.8844 3.5
      vertex 8.58147 -7.80557 3.49
      vertex 8.58147 -7.80557 3.5
    endloop
  endfacet
  facet normal 0.595671 -0.803229 0
    outer loop
      vertex 8.3844 -8.02301 3.5
      vertex 8.30557 -8.08147 3.49
      vertex 8.3844 -8.02301 3.49
    endloop
  endfacet
  facet normal 0.595671 -0.803229 0
    outer loop
      vertex 8.30557 -8.08147 3.49
      vertex 8.3844 -8.02301 3.5
      vertex 8.30557 -8.08147 3.5
    endloop
  endfacet
  facet normal 0.661009 -0.729593 -0.175388
    outer loop
      vertex 8.3844 -8.02301 3.49
      vertex 7.9575 -7.56841 -0.01
      vertex 8.01569 -7.51569 -0.01
    endloop
  endfacet
  facet normal -0.145032 -0.977583 -0.152633
    outer loop
      vertex -7.52841 -7.74614 -0.01
      vertex -7.94508 -8.23079 3.49
      vertex -7.60606 -7.73462 -0.01
    endloop
  endfacet
  facet normal 0.0486468 -0.988185 -0.145341
    outer loop
      vertex 7.84802 -8.24518 3.49
      vertex 7.45 -7.75 -0.01
      vertex 7.52841 -7.74614 -0.01
    endloop
  endfacet
  facet normal 0.145032 -0.977583 -0.152633
    outer loop
      vertex 7.94508 -8.23079 3.49
      vertex 7.52841 -7.74614 -0.01
      vertex 7.60606 -7.73462 -0.01
    endloop
  endfacet
  facet normal -0.957713 0.239805 -0.158996
    outer loop
      vertex -8.23462 7.10606 -0.01
      vertex -8.73079 7.44508 3.49
      vertex -8.21555 7.18222 -0.01
    endloop
  endfacet
  facet normal -0.970023 0.243015 0
    outer loop
      vertex -8.70694 7.54028 3.5
      vertex -8.73079 7.44508 3.49
      vertex -8.73079 7.44508 3.5
    endloop
  endfacet
  facet normal -0.970023 0.243015 0
    outer loop
      vertex -8.73079 7.44508 3.49
      vertex -8.70694 7.54028 3.5
      vertex -8.70694 7.54028 3.49
    endloop
  endfacet
  facet normal 0 0.989949 -0.141421
    outer loop
      vertex -7.75 8.25 3.49
      vertex 7.45 7.75 -0.01
      vertex -7.45 7.75 -0.01
    endloop
  endfacet
  facet normal 0 0.989949 -0.141421
    outer loop
      vertex 7.45 7.75 -0.01
      vertex -7.75 8.25 3.49
      vertex 7.75 8.25 3.49
    endloop
  endfacet
  facet normal 0.928719 -0.332353 -0.164388
    outer loop
      vertex 8.67387 -7.63269 3.49
      vertex 8.1891 -7.25615 -0.01
      vertex 8.70694 -7.54028 3.49
    endloop
  endfacet
  facet normal -0.595671 0.803229 0
    outer loop
      vertex -8.3844 8.02301 3.5
      vertex -8.30557 8.08147 3.49
      vertex -8.3844 8.02301 3.49
    endloop
  endfacet
  facet normal -0.595671 0.803229 0
    outer loop
      vertex -8.30557 8.08147 3.49
      vertex -8.3844 8.02301 3.5
      vertex -8.30557 8.08147 3.5
    endloop
  endfacet
  facet normal -0.586575 0.790922 -0.174275
    outer loop
      vertex -7.9575 7.56841 -0.01
      vertex -8.3844 8.02301 3.49
      vertex -7.89445 7.61517 -0.01
    endloop
  endfacet
  facet normal 0 0 -1
    outer loop
      vertex 7.45 -7.75 -0.01
      vertex 8.25 -6.95 -0.01
      vertex 8.24614 -7.02841 -0.01
    endloop
  endfacet
  facet normal 0 0 -1
    outer loop
      vertex 8.25 -6.95 -0.01
      vertex 5.35774 0 -0.01
      vertex 8.25 6.95 -0.01
    endloop
  endfacet
  facet normal 0 0 -1
    outer loop
      vertex 7.45 -7.75 -0.01
      vertex 8.24614 -7.02841 -0.01
      vertex 8.23462 -7.10606 -0.01
    endloop
  endfacet
  facet normal 0 0 -1
    outer loop
      vertex 5.34941 0.169704 -0.01
      vertex 8.25 6.95 -0.01
      vertex 5.35774 0 -0.01
    endloop
  endfacet
  facet normal 0 0 -1
    outer loop
      vertex 7.45 -7.75 -0.01
      vertex 8.23462 -7.10606 -0.01
      vertex 8.21555 -7.18222 -0.01
    endloop
  endfacet
  facet normal 0 0 -1
    outer loop
      vertex 5.33194 0.52515 -0.01
      vertex 8.25 6.95 -0.01
      vertex 5.34941 0.169704 -0.01
    endloop
  endfacet
  facet normal 0 0 -1
    outer loop
      vertex 7.45 -7.75 -0.01
      vertex 8.21555 -7.18222 -0.01
      vertex 8.1891 -7.25615 -0.01
    endloop
  endfacet
  facet normal 0 0 -1
    outer loop
      vertex 5.27973 0.877173 -0.01
      vertex 8.25 6.95 -0.01
      vertex 5.33194 0.52515 -0.01
    endloop
  endfacet
  facet normal 0 0 -1
    outer loop
      vertex 7.45 -7.75 -0.01
      vertex 8.1891 -7.25615 -0.01
      vertex 8.15553 -7.32712 -0.01
    endloop
  endfacet
  facet normal 0 0 -1
    outer loop
      vertex 5.2548 1.04524 -0.01
      vertex 8.25 6.95 -0.01
      vertex 5.27973 0.877173 -0.01
    endloop
  endfacet
  facet normal 0 0 -1
    outer loop
      vertex 7.45 -7.75 -0.01
      vertex 8.15553 -7.32712 -0.01
      vertex 8.11517 -7.39445 -0.01
    endloop
  endfacet
  facet normal 0 0 -1
    outer loop
      vertex 5.21351 1.21006 -0.01
      vertex 8.25 6.95 -0.01
      vertex 5.2548 1.04524 -0.01
    endloop
  endfacet
  facet normal 0 0 -1
    outer loop
      vertex 7.45 -7.75 -0.01
      vertex 8.11517 -7.39445 -0.01
      vertex 8.06841 -7.4575 -0.01
    endloop
  endfacet
  facet normal 0 0 -1
    outer loop
      vertex 5.12704 1.55527 -0.01
      vertex 8.25 6.95 -0.01
      vertex 5.21351 1.21006 -0.01
    endloop
  endfacet
  facet normal 0 0 -1
    outer loop
      vertex 7.45 -7.75 -0.01
      vertex 8.06841 -7.4575 -0.01
      vertex 8.01569 -7.51569 -0.01
    endloop
  endfacet
  facet normal 0 0 -1
    outer loop
      vertex 5.00715 1.89034 -0.01
      vertex 8.25 6.95 -0.01
      vertex 5.12704 1.55527 -0.01
    endloop
  endfacet
  facet normal 0 0 -1
    outer loop
      vertex 7.45 -7.75 -0.01
      vertex 8.01569 -7.51569 -0.01
      vertex 7.9575 -7.56841 -0.01
    endloop
  endfacet
  facet normal 0 0 -1
    outer loop
      vertex 4.94991 2.05032 -0.01
      vertex 8.25 6.95 -0.01
      vertex 5.00715 1.89034 -0.01
    endloop
  endfacet
  facet normal 0 0 -1
    outer loop
      vertex 7.45 -7.75 -0.01
      vertex 7.9575 -7.56841 -0.01
      vertex 7.89445 -7.61517 -0.01
    endloop
  endfacet
  facet normal 0 0 -1
    outer loop
      vertex 4.87726 2.20392 -0.01
      vertex 8.25 6.95 -0.01
      vertex 4.94991 2.05032 -0.01
    endloop
  endfacet
  facet normal 0 0 -1
    outer loop
      vertex 7.45 -7.75 -0.01
      vertex 7.89445 -7.61517 -0.01
      vertex 7.82712 -7.65553 -0.01
    endloop
  endfacet
  facet normal 0 0 -1
    outer loop
      vertex 4.72511 2.52562 -0.01
      vertex 8.25 6.95 -0.01
      vertex 4.87726 2.20392 -0.01
    endloop
  endfacet
  facet normal 0 0 -1
    outer loop
      vertex 7.45 -7.75 -0.01
      vertex 7.82712 -7.65553 -0.01
      vertex 7.75615 -7.6891 -0.01
    endloop
  endfacet
  facet normal 0 0 -1
    outer loop
      vertex 4.54215 2.83087 -0.01
      vertex 8.25 6.95 -0.01
      vertex 4.72511 2.52562 -0.01
    endloop
  endfacet
  facet normal 0 0 -1
    outer loop
      vertex 7.45 -7.75 -0.01
      vertex 7.75615 -7.6891 -0.01
      vertex 7.68222 -7.71555 -0.01
    endloop
  endfacet
  facet normal 0 0 -1
    outer loop
      vertex 4.4548 2.9766 -0.01
      vertex 8.25 6.95 -0.01
      vertex 4.54215 2.83087 -0.01
    endloop
  endfacet
  facet normal 0 0 -1
    outer loop
      vertex 7.45 -7.75 -0.01
      vertex 7.68222 -7.71555 -0.01
      vertex 7.60606 -7.73462 -0.01
    endloop
  endfacet
  facet normal 0 0 -1
    outer loop
      vertex 4.35359 3.11308 -0.01
      vertex 8.25 6.95 -0.01
      vertex 4.4548 2.9766 -0.01
    endloop
  endfacet
  facet normal 0 0 -1
    outer loop
      vertex 7.45 -7.75 -0.01
      vertex 7.60606 -7.73462 -0.01
      vertex 7.52841 -7.74614 -0.01
    endloop
  endfacet
  facet normal 0 0 -1
    outer loop
      vertex 4.14159 3.39892 -0.01
      vertex 8.25 6.95 -0.01
      vertex 4.35359 3.11308 -0.01
    endloop
  endfacet
  facet normal 0 0 -1
    outer loop
      vertex 3.9026 -3.6626 -0.01
      vertex 8.25 -6.95 -0.01
      vertex 7.45 -7.75 -0.01
    endloop
  endfacet
  facet normal 0 0 -1
    outer loop
      vertex 3.9026 3.6626 -0.01
      vertex 8.25 6.95 -0.01
      vertex 4.14159 3.39892 -0.01
    endloop
  endfacet
  facet normal 0 0 -1
    outer loop
      vertex 8.25 6.95 -0.01
      vertex 7.45 7.75 -0.01
      vertex 8.24614 7.02841 -0.01
    endloop
  endfacet
  facet normal 0 0 -1
    outer loop
      vertex 8.25 -6.95 -0.01
      vertex 5.34941 -0.169704 -0.01
      vertex 5.35774 0 -0.01
    endloop
  endfacet
  facet normal 0 0 -1
    outer loop
      vertex 8.25 -6.95 -0.01
      vertex 5.33194 -0.52515 -0.01
      vertex 5.34941 -0.169704 -0.01
    endloop
  endfacet
  facet normal 0 0 -1
    outer loop
      vertex 8.25 -6.95 -0.01
      vertex 5.27973 -0.877173 -0.01
      vertex 5.33194 -0.52515 -0.01
    endloop
  endfacet
  facet normal 0 0 -1
    outer loop
      vertex 8.25 -6.95 -0.01
      vertex 5.2548 -1.04524 -0.01
      vertex 5.27973 -0.877173 -0.01
    endloop
  endfacet
  facet normal 0 0 -1
    outer loop
      vertex 8.25 -6.95 -0.01
      vertex 5.21351 -1.21006 -0.01
      vertex 5.2548 -1.04524 -0.01
    endloop
  endfacet
  facet normal 0 0 -1
    outer loop
      vertex 8.25 -6.95 -0.01
      vertex 5.12704 -1.55527 -0.01
      vertex 5.21351 -1.21006 -0.01
    endloop
  endfacet
  facet normal 0 0 -1
    outer loop
      vertex 8.25 -6.95 -0.01
      vertex 5.00715 -1.89034 -0.01
      vertex 5.12704 -1.55527 -0.01
    endloop
  endfacet
  facet normal 0 0 -1
    outer loop
      vertex 8.25 -6.95 -0.01
      vertex 4.94991 -2.05032 -0.01
      vertex 5.00715 -1.89034 -0.01
    endloop
  endfacet
  facet normal 0 0 -1
    outer loop
      vertex 8.25 -6.95 -0.01
      vertex 4.87726 -2.20392 -0.01
      vertex 4.94991 -2.05032 -0.01
    endloop
  endfacet
  facet normal 0 0 -1
    outer loop
      vertex 8.25 -6.95 -0.01
      vertex 4.72511 -2.52562 -0.01
      vertex 4.87726 -2.20392 -0.01
    endloop
  endfacet
  facet normal 0 0 -1
    outer loop
      vertex 8.25 -6.95 -0.01
      vertex 4.54215 -2.83087 -0.01
      vertex 4.72511 -2.52562 -0.01
    endloop
  endfacet
  facet normal 0 0 -1
    outer loop
      vertex 8.25 -6.95 -0.01
      vertex 4.4548 -2.9766 -0.01
      vertex 4.54215 -2.83087 -0.01
    endloop
  endfacet
  facet normal 0 0 -1
    outer loop
      vertex 8.25 -6.95 -0.01
      vertex 4.35359 -3.11308 -0.01
      vertex 4.4548 -2.9766 -0.01
    endloop
  endfacet
  facet normal 0 0 -1
    outer loop
      vertex 8.25 -6.95 -0.01
      vertex 4.14159 -3.39892 -0.01
      vertex 4.35359 -3.11308 -0.01
    endloop
  endfacet
  facet normal 0 0 -1
    outer loop
      vertex 8.25 -6.95 -0.01
      vertex 3.9026 -3.6626 -0.01
      vertex 4.14159 -3.39892 -0.01
    endloop
  endfacet
  facet normal 0 0 -1
    outer loop
      vertex 7.45 -7.75 -0.01
      vertex 3.7885 -3.7885 -0.01
      vertex 3.9026 -3.6626 -0.01
    endloop
  endfacet
  facet normal 0 0 -1
    outer loop
      vertex 7.45 -7.75 -0.01
      vertex 3.6626 -3.9026 -0.01
      vertex 3.7885 -3.7885 -0.01
    endloop
  endfacet
  facet normal 0 0 -1
    outer loop
      vertex 7.45 -7.75 -0.01
      vertex 3.39892 -4.14159 -0.01
      vertex 3.6626 -3.9026 -0.01
    endloop
  endfacet
  facet normal 0 0 -1
    outer loop
      vertex 7.45 -7.75 -0.01
      vertex 3.11308 -4.35359 -0.01
      vertex 3.39892 -4.14159 -0.01
    endloop
  endfacet
  facet normal 0 0 -1
    outer loop
      vertex 7.45 -7.75 -0.01
      vertex 2.9766 -4.4548 -0.01
      vertex 3.11308 -4.35359 -0.01
    endloop
  endfacet
  facet normal 0 0 -1
    outer loop
      vertex 7.45 -7.75 -0.01
      vertex 2.83087 -4.54215 -0.01
      vertex 2.9766 -4.4548 -0.01
    endloop
  endfacet
  facet normal 0 0 -1
    outer loop
      vertex 7.45 -7.75 -0.01
      vertex 2.52562 -4.72511 -0.01
      vertex 2.83087 -4.54215 -0.01
    endloop
  endfacet
  facet normal 0 0 -1
    outer loop
      vertex 7.45 -7.75 -0.01
      vertex 2.20392 -4.87726 -0.01
      vertex 2.52562 -4.72511 -0.01
    endloop
  endfacet
  facet normal 0 0 -1
    outer loop
      vertex 7.45 -7.75 -0.01
      vertex 2.05032 -4.94991 -0.01
      vertex 2.20392 -4.87726 -0.01
    endloop
  endfacet
  facet normal 0 0 -1
    outer loop
      vertex 7.45 -7.75 -0.01
      vertex 1.89034 -5.00715 -0.01
      vertex 2.05032 -4.94991 -0.01
    endloop
  endfacet
  facet normal 0 0 -1
    outer loop
      vertex 7.45 -7.75 -0.01
      vertex 1.55527 -5.12704 -0.01
      vertex 1.89034 -5.00715 -0.01
    endloop
  endfacet
  facet normal 0 0 -1
    outer loop
      vertex 7.45 -7.75 -0.01
      vertex 1.21006 -5.21351 -0.01
      vertex 1.55527 -5.12704 -0.01
    endloop
  endfacet
  facet normal 0 0 -1
    outer loop
      vertex 7.45 -7.75 -0.01
      vertex 1.04524 -5.2548 -0.01
      vertex 1.21006 -5.21351 -0.01
    endloop
  endfacet
  facet normal 0 0 -1
    outer loop
      vertex 7.45 -7.75 -0.01
      vertex 0.877173 -5.27973 -0.01
      vertex 1.04524 -5.2548 -0.01
    endloop
  endfacet
  facet normal 0 0 -1
    outer loop
      vertex 7.45 -7.75 -0.01
      vertex 0.52515 -5.33194 -0.01
      vertex 0.877173 -5.27973 -0.01
    endloop
  endfacet
  facet normal 0 0 -1
    outer loop
      vertex 7.45 -7.75 -0.01
      vertex 0.169704 -5.34941 -0.01
      vertex 0.52515 -5.33194 -0.01
    endloop
  endfacet
  facet normal 0 0 -1
    outer loop
      vertex 7.45 -7.75 -0.01
      vertex 0 -5.35774 -0.01
      vertex 0.169704 -5.34941 -0.01
    endloop
  endfacet
  facet normal 0 0 -1
    outer loop
      vertex -7.45 -7.75 -0.01
      vertex 0 -5.35774 -0.01
      vertex 7.45 -7.75 -0.01
    endloop
  endfacet
  facet normal -0 0 -1
    outer loop
      vertex 0 -5.35774 -0.01
      vertex -7.45 -7.75 -0.01
      vertex -0.169704 -5.34941 -0.01
    endloop
  endfacet
  facet normal -0 0 -1
    outer loop
      vertex -0.169704 -5.34941 -0.01
      vertex -7.45 -7.75 -0.01
      vertex -0.52515 -5.33194 -0.01
    endloop
  endfacet
  facet normal -0 0 -1
    outer loop
      vertex -0.52515 -5.33194 -0.01
      vertex -7.45 -7.75 -0.01
      vertex -0.877173 -5.27973 -0.01
    endloop
  endfacet
  facet normal -0 0 -1
    outer loop
      vertex -0.877173 -5.27973 -0.01
      vertex -7.45 -7.75 -0.01
      vertex -1.04524 -5.2548 -0.01
    endloop
  endfacet
  facet normal -0 0 -1
    outer loop
      vertex -1.04524 -5.2548 -0.01
      vertex -7.45 -7.75 -0.01
      vertex -1.21006 -5.21351 -0.01
    endloop
  endfacet
  facet normal 0 0 -1
    outer loop
      vertex -7.45 -7.75 -0.01
      vertex -2.83087 -4.54215 -0.01
      vertex -2.52562 -4.72511 -0.01
    endloop
  endfacet
  facet normal 0 0 -1
    outer loop
      vertex -8.25 -6.95 -0.01
      vertex -4.54215 -2.83087 -0.01
      vertex -4.4548 -2.9766 -0.01
    endloop
  endfacet
  facet normal 0 0 -1
    outer loop
      vertex -8.25 -6.95 -0.01
      vertex -5.34941 -0.169704 -0.01
      vertex -5.33194 -0.52515 -0.01
    endloop
  endfacet
  facet normal -0 0 -1
    outer loop
      vertex -5.27973 -0.877173 -0.01
      vertex -8.25 -6.95 -0.01
      vertex -5.33194 -0.52515 -0.01
    endloop
  endfacet
  facet normal -0 0 -1
    outer loop
      vertex -5.2548 -1.04524 -0.01
      vertex -8.25 -6.95 -0.01
      vertex -5.27973 -0.877173 -0.01
    endloop
  endfacet
  facet normal -0 0 -1
    outer loop
      vertex -5.21351 -1.21006 -0.01
      vertex -8.25 -6.95 -0.01
      vertex -5.2548 -1.04524 -0.01
    endloop
  endfacet
  facet normal -0 0 -1
    outer loop
      vertex -5.12704 -1.55527 -0.01
      vertex -8.25 -6.95 -0.01
      vertex -5.21351 -1.21006 -0.01
    endloop
  endfacet
  facet normal -0 0 -1
    outer loop
      vertex -5.00715 -1.89034 -0.01
      vertex -8.25 -6.95 -0.01
      vertex -5.12704 -1.55527 -0.01
    endloop
  endfacet
  facet normal -0 0 -1
    outer loop
      vertex -4.94991 -2.05032 -0.01
      vertex -8.25 -6.95 -0.01
      vertex -5.00715 -1.89034 -0.01
    endloop
  endfacet
  facet normal -0 0 -1
    outer loop
      vertex -4.87726 -2.20392 -0.01
      vertex -8.25 -6.95 -0.01
      vertex -4.94991 -2.05032 -0.01
    endloop
  endfacet
  facet normal -0 0 -1
    outer loop
      vertex -4.72511 -2.52562 -0.01
      vertex -8.25 -6.95 -0.01
      vertex -4.87726 -2.20392 -0.01
    endloop
  endfacet
  facet normal -0 0 -1
    outer loop
      vertex -4.54215 -2.83087 -0.01
      vertex -8.25 -6.95 -0.01
      vertex -4.72511 -2.52562 -0.01
    endloop
  endfacet
  facet normal -0 0 -1
    outer loop
      vertex -4.35359 -3.11308 -0.01
      vertex -8.25 -6.95 -0.01
      vertex -4.4548 -2.9766 -0.01
    endloop
  endfacet
  facet normal -0 0 -1
    outer loop
      vertex -4.14159 -3.39892 -0.01
      vertex -8.25 -6.95 -0.01
      vertex -4.35359 -3.11308 -0.01
    endloop
  endfacet
  facet normal -0 0 -1
    outer loop
      vertex -3.9026 -3.6626 -0.01
      vertex -8.25 -6.95 -0.01
      vertex -4.14159 -3.39892 -0.01
    endloop
  endfacet
  facet normal 0 0 -1
    outer loop
      vertex -8.25 -6.95 -0.01
      vertex -3.9026 -3.6626 -0.01
      vertex -7.45 -7.75 -0.01
    endloop
  endfacet
  facet normal -0 0 -1
    outer loop
      vertex -3.7885 -3.7885 -0.01
      vertex -7.45 -7.75 -0.01
      vertex -3.9026 -3.6626 -0.01
    endloop
  endfacet
  facet normal -0 0 -1
    outer loop
      vertex -3.6626 -3.9026 -0.01
      vertex -7.45 -7.75 -0.01
      vertex -3.7885 -3.7885 -0.01
    endloop
  endfacet
  facet normal -0 0 -1
    outer loop
      vertex -3.39892 -4.14159 -0.01
      vertex -7.45 -7.75 -0.01
      vertex -3.6626 -3.9026 -0.01
    endloop
  endfacet
  facet normal -0 0 -1
    outer loop
      vertex -3.11308 -4.35359 -0.01
      vertex -7.45 -7.75 -0.01
      vertex -3.39892 -4.14159 -0.01
    endloop
  endfacet
  facet normal -0 0 -1
    outer loop
      vertex -2.9766 -4.4548 -0.01
      vertex -7.45 -7.75 -0.01
      vertex -3.11308 -4.35359 -0.01
    endloop
  endfacet
  facet normal -0 0 -1
    outer loop
      vertex -2.83087 -4.54215 -0.01
      vertex -7.45 -7.75 -0.01
      vertex -2.9766 -4.4548 -0.01
    endloop
  endfacet
  facet normal -0 0 -1
    outer loop
      vertex -2.20392 -4.87726 -0.01
      vertex -7.45 -7.75 -0.01
      vertex -2.52562 -4.72511 -0.01
    endloop
  endfacet
  facet normal -0 0 -1
    outer loop
      vertex -2.05032 -4.94991 -0.01
      vertex -7.45 -7.75 -0.01
      vertex -2.20392 -4.87726 -0.01
    endloop
  endfacet
  facet normal -0 0 -1
    outer loop
      vertex -1.89034 -5.00715 -0.01
      vertex -7.45 -7.75 -0.01
      vertex -2.05032 -4.94991 -0.01
    endloop
  endfacet
  facet normal -0 0 -1
    outer loop
      vertex -1.55527 -5.12704 -0.01
      vertex -7.45 -7.75 -0.01
      vertex -1.89034 -5.00715 -0.01
    endloop
  endfacet
  facet normal -0 0 -1
    outer loop
      vertex -1.21006 -5.21351 -0.01
      vertex -7.45 -7.75 -0.01
      vertex -1.55527 -5.12704 -0.01
    endloop
  endfacet
  facet normal 0 0 -1
    outer loop
      vertex 8.24614 7.02841 -0.01
      vertex 7.45 7.75 -0.01
      vertex 8.23462 7.10606 -0.01
    endloop
  endfacet
  facet normal 0 0 -1
    outer loop
      vertex 8.23462 7.10606 -0.01
      vertex 7.45 7.75 -0.01
      vertex 8.21555 7.18222 -0.01
    endloop
  endfacet
  facet normal 0 0 -1
    outer loop
      vertex 8.21555 7.18222 -0.01
      vertex 7.45 7.75 -0.01
      vertex 8.1891 7.25615 -0.01
    endloop
  endfacet
  facet normal 0 0 -1
    outer loop
      vertex 8.1891 7.25615 -0.01
      vertex 7.45 7.75 -0.01
      vertex 8.15553 7.32712 -0.01
    endloop
  endfacet
  facet normal 0 0 -1
    outer loop
      vertex 8.15553 7.32712 -0.01
      vertex 7.45 7.75 -0.01
      vertex 8.11517 7.39445 -0.01
    endloop
  endfacet
  facet normal 0 0 -1
    outer loop
      vertex 8.06841 7.4575 -0.01
      vertex 7.45 7.75 -0.01
      vertex 8.01569 7.51569 -0.01
    endloop
  endfacet
  facet normal 0 0 -1
    outer loop
      vertex 7.9575 7.56841 -0.01
      vertex 7.45 7.75 -0.01
      vertex 7.89445 7.61517 -0.01
    endloop
  endfacet
  facet normal 0 0 -1
    outer loop
      vertex 7.89445 7.61517 -0.01
      vertex 7.45 7.75 -0.01
      vertex 7.82712 7.65553 -0.01
    endloop
  endfacet
  facet normal 0 0 -1
    outer loop
      vertex 7.82712 7.65553 -0.01
      vertex 7.45 7.75 -0.01
      vertex 7.75615 7.6891 -0.01
    endloop
  endfacet
  facet normal 0 0 -1
    outer loop
      vertex 7.75615 7.6891 -0.01
      vertex 7.45 7.75 -0.01
      vertex 7.68222 7.71555 -0.01
    endloop
  endfacet
  facet normal 0 0 -1
    outer loop
      vertex 7.60606 7.73462 -0.01
      vertex 7.45 7.75 -0.01
      vertex 7.52841 7.74614 -0.01
    endloop
  endfacet
  facet normal 0 0 -1
    outer loop
      vertex 7.68222 7.71555 -0.01
      vertex 7.45 7.75 -0.01
      vertex 7.60606 7.73462 -0.01
    endloop
  endfacet
  facet normal 0 0 -1
    outer loop
      vertex 8.01569 7.51569 -0.01
      vertex 7.45 7.75 -0.01
      vertex 7.9575 7.56841 -0.01
    endloop
  endfacet
  facet normal 0 0 -1
    outer loop
      vertex 8.11517 7.39445 -0.01
      vertex 7.45 7.75 -0.01
      vertex 8.06841 7.4575 -0.01
    endloop
  endfacet
  facet normal -0 0 -1
    outer loop
      vertex 8.25 6.95 -0.01
      vertex 3.9026 3.6626 -0.01
      vertex 7.45 7.75 -0.01
    endloop
  endfacet
  facet normal 0 0 -1
    outer loop
      vertex 3.7885 3.7885 -0.01
      vertex 7.45 7.75 -0.01
      vertex 3.9026 3.6626 -0.01
    endloop
  endfacet
  facet normal 0 0 -1
    outer loop
      vertex 3.6626 3.9026 -0.01
      vertex 7.45 7.75 -0.01
      vertex 3.7885 3.7885 -0.01
    endloop
  endfacet
  facet normal 0 0 -1
    outer loop
      vertex 3.39892 4.14159 -0.01
      vertex 7.45 7.75 -0.01
      vertex 3.6626 3.9026 -0.01
    endloop
  endfacet
  facet normal 0 0 -1
    outer loop
      vertex 3.11308 4.35359 -0.01
      vertex 7.45 7.75 -0.01
      vertex 3.39892 4.14159 -0.01
    endloop
  endfacet
  facet normal 0 0 -1
    outer loop
      vertex 2.9766 4.4548 -0.01
      vertex 7.45 7.75 -0.01
      vertex 3.11308 4.35359 -0.01
    endloop
  endfacet
  facet normal 0 0 -1
    outer loop
      vertex 2.83087 4.54215 -0.01
      vertex 7.45 7.75 -0.01
      vertex 2.9766 4.4548 -0.01
    endloop
  endfacet
  facet normal 0 0 -1
    outer loop
      vertex 2.52562 4.72511 -0.01
      vertex 7.45 7.75 -0.01
      vertex 2.83087 4.54215 -0.01
    endloop
  endfacet
  facet normal 0 0 -1
    outer loop
      vertex 2.20392 4.87726 -0.01
      vertex 7.45 7.75 -0.01
      vertex 2.52562 4.72511 -0.01
    endloop
  endfacet
  facet normal 0 0 -1
    outer loop
      vertex 2.05032 4.94991 -0.01
      vertex 7.45 7.75 -0.01
      vertex 2.20392 4.87726 -0.01
    endloop
  endfacet
  facet normal 0 0 -1
    outer loop
      vertex 1.89034 5.00715 -0.01
      vertex 7.45 7.75 -0.01
      vertex 2.05032 4.94991 -0.01
    endloop
  endfacet
  facet normal 0 0 -1
    outer loop
      vertex 1.55527 5.12704 -0.01
      vertex 7.45 7.75 -0.01
      vertex 1.89034 5.00715 -0.01
    endloop
  endfacet
  facet normal 0 0 -1
    outer loop
      vertex 1.21006 5.21351 -0.01
      vertex 7.45 7.75 -0.01
      vertex 1.55527 5.12704 -0.01
    endloop
  endfacet
  facet normal 0 0 -1
    outer loop
      vertex 1.04524 5.2548 -0.01
      vertex 7.45 7.75 -0.01
      vertex 1.21006 5.21351 -0.01
    endloop
  endfacet
  facet normal 0 0 -1
    outer loop
      vertex 0.877173 5.27973 -0.01
      vertex 7.45 7.75 -0.01
      vertex 1.04524 5.2548 -0.01
    endloop
  endfacet
  facet normal 0 0 -1
    outer loop
      vertex 0.52515 5.33194 -0.01
      vertex 7.45 7.75 -0.01
      vertex 0.877173 5.27973 -0.01
    endloop
  endfacet
  facet normal 0 0 -1
    outer loop
      vertex 0.169704 5.34941 -0.01
      vertex 7.45 7.75 -0.01
      vertex 0.52515 5.33194 -0.01
    endloop
  endfacet
  facet normal 0 0 -1
    outer loop
      vertex 0 5.35774 -0.01
      vertex 7.45 7.75 -0.01
      vertex 0.169704 5.34941 -0.01
    endloop
  endfacet
  facet normal 0 0 -1
    outer loop
      vertex -7.45 7.75 -0.01
      vertex 0 5.35774 -0.01
      vertex -0.169704 5.34941 -0.01
    endloop
  endfacet
  facet normal 0 0 -1
    outer loop
      vertex -7.45 7.75 -0.01
      vertex -0.169704 5.34941 -0.01
      vertex -0.52515 5.33194 -0.01
    endloop
  endfacet
  facet normal 0 0 -1
    outer loop
      vertex -7.45 7.75 -0.01
      vertex -0.52515 5.33194 -0.01
      vertex -0.877173 5.27973 -0.01
    endloop
  endfacet
  facet normal 0 0 -1
    outer loop
      vertex -7.45 7.75 -0.01
      vertex -0.877173 5.27973 -0.01
      vertex -1.04524 5.2548 -0.01
    endloop
  endfacet
  facet normal 0 0 -1
    outer loop
      vertex -7.45 7.75 -0.01
      vertex -1.04524 5.2548 -0.01
      vertex -1.21006 5.21351 -0.01
    endloop
  endfacet
  facet normal 0 0 -1
    outer loop
      vertex -7.45 7.75 -0.01
      vertex -1.21006 5.21351 -0.01
      vertex -1.55527 5.12704 -0.01
    endloop
  endfacet
  facet normal 0 0 -1
    outer loop
      vertex -7.45 7.75 -0.01
      vertex -2.83087 4.54215 -0.01
      vertex -2.9766 4.4548 -0.01
    endloop
  endfacet
  facet normal 0 0 -1
    outer loop
      vertex -8.25 6.95 -0.01
      vertex -4.54215 2.83087 -0.01
      vertex -4.72511 2.52562 -0.01
    endloop
  endfacet
  facet normal 0 0 -1
    outer loop
      vertex -8.25 6.95 -0.01
      vertex -5.34941 0.169704 -0.01
      vertex -5.35774 0 -0.01
    endloop
  endfacet
  facet normal -0 0 -1
    outer loop
      vertex -5.34941 -0.169704 -0.01
      vertex -8.25 -6.95 -0.01
      vertex -5.35774 0 -0.01
    endloop
  endfacet
  facet normal 0 0 -1
    outer loop
      vertex -8.25 6.95 -0.01
      vertex -5.35774 0 -0.01
      vertex -8.25 -6.95 -0.01
    endloop
  endfacet
  facet normal 0 0 -1
    outer loop
      vertex -5.34941 0.169704 -0.01
      vertex -8.25 6.95 -0.01
      vertex -5.33194 0.52515 -0.01
    endloop
  endfacet
  facet normal 0 0 -1
    outer loop
      vertex 0 5.35774 -0.01
      vertex -7.45 7.75 -0.01
      vertex 7.45 7.75 -0.01
    endloop
  endfacet
  facet normal 0 0 -1
    outer loop
      vertex -1.89034 5.00715 -0.01
      vertex -7.45 7.75 -0.01
      vertex -1.55527 5.12704 -0.01
    endloop
  endfacet
  facet normal 0 0 -1
    outer loop
      vertex -2.05032 4.94991 -0.01
      vertex -7.45 7.75 -0.01
      vertex -1.89034 5.00715 -0.01
    endloop
  endfacet
  facet normal 0 0 -1
    outer loop
      vertex -2.20392 4.87726 -0.01
      vertex -7.45 7.75 -0.01
      vertex -2.05032 4.94991 -0.01
    endloop
  endfacet
  facet normal 0 0 -1
    outer loop
      vertex -2.52562 4.72511 -0.01
      vertex -7.45 7.75 -0.01
      vertex -2.20392 4.87726 -0.01
    endloop
  endfacet
  facet normal 0 0 -1
    outer loop
      vertex -2.83087 4.54215 -0.01
      vertex -7.45 7.75 -0.01
      vertex -2.52562 4.72511 -0.01
    endloop
  endfacet
  facet normal 0 0 -1
    outer loop
      vertex -3.11308 4.35359 -0.01
      vertex -7.45 7.75 -0.01
      vertex -2.9766 4.4548 -0.01
    endloop
  endfacet
  facet normal 0 0 -1
    outer loop
      vertex -3.39892 4.14159 -0.01
      vertex -7.45 7.75 -0.01
      vertex -3.11308 4.35359 -0.01
    endloop
  endfacet
  facet normal 0 0 -1
    outer loop
      vertex -3.6626 3.9026 -0.01
      vertex -7.45 7.75 -0.01
      vertex -3.39892 4.14159 -0.01
    endloop
  endfacet
  facet normal 0 0 -1
    outer loop
      vertex -3.7885 3.7885 -0.01
      vertex -7.45 7.75 -0.01
      vertex -3.6626 3.9026 -0.01
    endloop
  endfacet
  facet normal 0 0 -1
    outer loop
      vertex -3.9026 3.6626 -0.01
      vertex -7.45 7.75 -0.01
      vertex -3.7885 3.7885 -0.01
    endloop
  endfacet
  facet normal 0 0 -1
    outer loop
      vertex -8.25 6.95 -0.01
      vertex -3.9026 3.6626 -0.01
      vertex -4.14159 3.39892 -0.01
    endloop
  endfacet
  facet normal 0 0 -1
    outer loop
      vertex -8.25 6.95 -0.01
      vertex -4.14159 3.39892 -0.01
      vertex -4.35359 3.11308 -0.01
    endloop
  endfacet
  facet normal 0 0 -1
    outer loop
      vertex -8.25 6.95 -0.01
      vertex -4.35359 3.11308 -0.01
      vertex -4.4548 2.9766 -0.01
    endloop
  endfacet
  facet normal 0 0 -1
    outer loop
      vertex -4.54215 2.83087 -0.01
      vertex -8.25 6.95 -0.01
      vertex -4.4548 2.9766 -0.01
    endloop
  endfacet
  facet normal 0 0 -1
    outer loop
      vertex -8.25 6.95 -0.01
      vertex -4.72511 2.52562 -0.01
      vertex -4.87726 2.20392 -0.01
    endloop
  endfacet
  facet normal 0 0 -1
    outer loop
      vertex -8.25 6.95 -0.01
      vertex -4.87726 2.20392 -0.01
      vertex -4.94991 2.05032 -0.01
    endloop
  endfacet
  facet normal 0 0 -1
    outer loop
      vertex -8.25 6.95 -0.01
      vertex -4.94991 2.05032 -0.01
      vertex -5.00715 1.89034 -0.01
    endloop
  endfacet
  facet normal 0 0 -1
    outer loop
      vertex -8.25 6.95 -0.01
      vertex -5.00715 1.89034 -0.01
      vertex -5.12704 1.55527 -0.01
    endloop
  endfacet
  facet normal 0 0 -1
    outer loop
      vertex -8.25 6.95 -0.01
      vertex -5.12704 1.55527 -0.01
      vertex -5.21351 1.21006 -0.01
    endloop
  endfacet
  facet normal 0 0 -1
    outer loop
      vertex -8.25 6.95 -0.01
      vertex -5.21351 1.21006 -0.01
      vertex -5.2548 1.04524 -0.01
    endloop
  endfacet
  facet normal 0 0 -1
    outer loop
      vertex -5.33194 0.52515 -0.01
      vertex -8.25 6.95 -0.01
      vertex -5.27973 0.877173 -0.01
    endloop
  endfacet
  facet normal 0 0 -1
    outer loop
      vertex -8.25 -6.95 -0.01
      vertex -7.45 -7.75 -0.01
      vertex -7.52841 -7.74614 -0.01
    endloop
  endfacet
  facet normal 0 0 -1
    outer loop
      vertex -5.27973 0.877173 -0.01
      vertex -8.25 6.95 -0.01
      vertex -5.2548 1.04524 -0.01
    endloop
  endfacet
  facet normal 0 0 -1
    outer loop
      vertex -8.25 -6.95 -0.01
      vertex -7.52841 -7.74614 -0.01
      vertex -7.60606 -7.73462 -0.01
    endloop
  endfacet
  facet normal 0 0 -1
    outer loop
      vertex -3.9026 3.6626 -0.01
      vertex -8.25 6.95 -0.01
      vertex -7.45 7.75 -0.01
    endloop
  endfacet
  facet normal 0 0 -1
    outer loop
      vertex -8.25 -6.95 -0.01
      vertex -7.60606 -7.73462 -0.01
      vertex -7.68222 -7.71555 -0.01
    endloop
  endfacet
  facet normal 0 0 -1
    outer loop
      vertex -7.45 7.75 -0.01
      vertex -8.25 6.95 -0.01
      vertex -7.52841 7.74614 -0.01
    endloop
  endfacet
  facet normal 0 0 -1
    outer loop
      vertex -8.25 -6.95 -0.01
      vertex -7.68222 -7.71555 -0.01
      vertex -7.75615 -7.6891 -0.01
    endloop
  endfacet
  facet normal 0 0 -1
    outer loop
      vertex -7.52841 7.74614 -0.01
      vertex -8.25 6.95 -0.01
      vertex -7.60606 7.73462 -0.01
    endloop
  endfacet
  facet normal 0 0 -1
    outer loop
      vertex -8.25 -6.95 -0.01
      vertex -7.75615 -7.6891 -0.01
      vertex -7.82712 -7.65553 -0.01
    endloop
  endfacet
  facet normal 0 0 -1
    outer loop
      vertex -7.60606 7.73462 -0.01
      vertex -8.25 6.95 -0.01
      vertex -7.68222 7.71555 -0.01
    endloop
  endfacet
  facet normal 0 0 -1
    outer loop
      vertex -8.25 -6.95 -0.01
      vertex -7.82712 -7.65553 -0.01
      vertex -7.89445 -7.61517 -0.01
    endloop
  endfacet
  facet normal 0 0 -1
    outer loop
      vertex -7.68222 7.71555 -0.01
      vertex -8.25 6.95 -0.01
      vertex -7.75615 7.6891 -0.01
    endloop
  endfacet
  facet normal 0 0 -1
    outer loop
      vertex -8.25 -6.95 -0.01
      vertex -7.89445 -7.61517 -0.01
      vertex -7.9575 -7.56841 -0.01
    endloop
  endfacet
  facet normal 0 0 -1
    outer loop
      vertex -7.75615 7.6891 -0.01
      vertex -8.25 6.95 -0.01
      vertex -7.82712 7.65553 -0.01
    endloop
  endfacet
  facet normal 0 0 -1
    outer loop
      vertex -8.25 -6.95 -0.01
      vertex -7.9575 -7.56841 -0.01
      vertex -8.01569 -7.51569 -0.01
    endloop
  endfacet
  facet normal 0 0 -1
    outer loop
      vertex -7.82712 7.65553 -0.01
      vertex -8.25 6.95 -0.01
      vertex -7.89445 7.61517 -0.01
    endloop
  endfacet
  facet normal 0 0 -1
    outer loop
      vertex -8.25 -6.95 -0.01
      vertex -8.01569 -7.51569 -0.01
      vertex -8.06841 -7.4575 -0.01
    endloop
  endfacet
  facet normal 0 0 -1
    outer loop
      vertex -7.89445 7.61517 -0.01
      vertex -8.25 6.95 -0.01
      vertex -7.9575 7.56841 -0.01
    endloop
  endfacet
  facet normal 0 0 -1
    outer loop
      vertex -8.25 -6.95 -0.01
      vertex -8.06841 -7.4575 -0.01
      vertex -8.11517 -7.39445 -0.01
    endloop
  endfacet
  facet normal 0 0 -1
    outer loop
      vertex -7.9575 7.56841 -0.01
      vertex -8.25 6.95 -0.01
      vertex -8.01569 7.51569 -0.01
    endloop
  endfacet
  facet normal 0 0 -1
    outer loop
      vertex -8.25 -6.95 -0.01
      vertex -8.11517 -7.39445 -0.01
      vertex -8.15553 -7.32712 -0.01
    endloop
  endfacet
  facet normal 0 0 -1
    outer loop
      vertex -8.01569 7.51569 -0.01
      vertex -8.25 6.95 -0.01
      vertex -8.06841 7.4575 -0.01
    endloop
  endfacet
  facet normal 0 0 -1
    outer loop
      vertex -8.25 -6.95 -0.01
      vertex -8.15553 -7.32712 -0.01
      vertex -8.1891 -7.25615 -0.01
    endloop
  endfacet
  facet normal 0 0 -1
    outer loop
      vertex -8.06841 7.4575 -0.01
      vertex -8.25 6.95 -0.01
      vertex -8.11517 7.39445 -0.01
    endloop
  endfacet
  facet normal 0 0 -1
    outer loop
      vertex -8.25 -6.95 -0.01
      vertex -8.1891 -7.25615 -0.01
      vertex -8.21555 -7.18222 -0.01
    endloop
  endfacet
  facet normal 0 0 -1
    outer loop
      vertex -8.11517 7.39445 -0.01
      vertex -8.25 6.95 -0.01
      vertex -8.15553 7.32712 -0.01
    endloop
  endfacet
  facet normal 0 0 -1
    outer loop
      vertex -8.25 -6.95 -0.01
      vertex -8.21555 -7.18222 -0.01
      vertex -8.23462 -7.10606 -0.01
    endloop
  endfacet
  facet normal 0 0 -1
    outer loop
      vertex -8.15553 7.32712 -0.01
      vertex -8.25 6.95 -0.01
      vertex -8.1891 7.25615 -0.01
    endloop
  endfacet
  facet normal 0 0 -1
    outer loop
      vertex -8.25 -6.95 -0.01
      vertex -8.23462 -7.10606 -0.01
      vertex -8.24614 -7.02841 -0.01
    endloop
  endfacet
  facet normal 0 0 -1
    outer loop
      vertex -8.1891 7.25615 -0.01
      vertex -8.25 6.95 -0.01
      vertex -8.21555 7.18222 -0.01
    endloop
  endfacet
  facet normal 0 0 -1
    outer loop
      vertex -8.21555 7.18222 -0.01
      vertex -8.25 6.95 -0.01
      vertex -8.23462 7.10606 -0.01
    endloop
  endfacet
  facet normal 0 0 -1
    outer loop
      vertex -8.23462 7.10606 -0.01
      vertex -8.25 6.95 -0.01
      vertex -8.24614 7.02841 -0.01
    endloop
  endfacet
  facet normal -0.427455 0.904036 0
    outer loop
      vertex -8.22139 8.13193 3.5
      vertex -8.13269 8.17387 3.49
      vertex -8.22139 8.13193 3.49
    endloop
  endfacet
  facet normal -0.427455 0.904036 0
    outer loop
      vertex -8.13269 8.17387 3.49
      vertex -8.22139 8.13193 3.5
      vertex -8.13269 8.17387 3.5
    endloop
  endfacet
  facet normal 0.239805 -0.957713 -0.158996
    outer loop
      vertex 7.94508 -8.23079 3.49
      vertex 7.60606 -7.73462 -0.01
      vertex 7.68222 -7.71555 -0.01
    endloop
  endfacet
  facet normal -0.790922 0.586575 -0.174275
    outer loop
      vertex -8.11517 7.39445 -0.01
      vertex -8.52301 7.8844 3.49
      vertex -8.06841 7.4575 -0.01
    endloop
  endfacet
  facet normal -0.729593 0.661009 -0.175388
    outer loop
      vertex -8.06841 7.4575 -0.01
      vertex -8.52301 7.8844 3.49
      vertex -8.01569 7.51569 -0.01
    endloop
  endfacet
  facet normal 0.336937 -0.941527 0
    outer loop
      vertex 8.13269 -8.17387 3.5
      vertex 8.04028 -8.20694 3.49
      vertex 8.13269 -8.17387 3.49
    endloop
  endfacet
  facet normal 0.336937 -0.941527 0
    outer loop
      vertex 8.04028 -8.20694 3.49
      vertex 8.13269 -8.17387 3.5
      vertex 8.04028 -8.20694 3.5
    endloop
  endfacet
  facet normal -0.729469 0.661147 -0.175384
    outer loop
      vertex -8.01569 7.51569 -0.01
      vertex -8.52301 7.8844 3.49
      vertex -8.45711 7.95711 3.49
    endloop
  endfacet
  facet normal 0.928719 0.332353 -0.164388
    outer loop
      vertex 8.70694 7.54028 3.49
      vertex 8.1891 7.25615 -0.01
      vertex 8.67387 7.63269 3.49
    endloop
  endfacet
  facet normal 0.941527 0.336937 0
    outer loop
      vertex 8.67387 7.63269 3.49
      vertex 8.70694 7.54028 3.5
      vertex 8.70694 7.54028 3.49
    endloop
  endfacet
  facet normal 0.941527 0.336937 0
    outer loop
      vertex 8.70694 7.54028 3.5
      vertex 8.67387 7.63269 3.49
      vertex 8.67387 7.63269 3.5
    endloop
  endfacet
  facet normal -0.957713 -0.239805 -0.158996
    outer loop
      vertex -8.21555 -7.18222 -0.01
      vertex -8.73079 -7.44508 3.49
      vertex -8.23462 -7.10606 -0.01
    endloop
  endfacet
  facet normal 0.0491143 -0.998793 0
    outer loop
      vertex 7.84802 -8.24518 3.5
      vertex 7.75 -8.25 3.49
      vertex 7.84802 -8.24518 3.49
    endloop
  endfacet
  facet normal 0.0491143 -0.998793 0
    outer loop
      vertex 7.75 -8.25 3.49
      vertex 7.84802 -8.24518 3.5
      vertex 7.75 -8.25 3.5
    endloop
  endfacet
  facet normal 0.941527 -0.336937 0
    outer loop
      vertex 8.70694 -7.54028 3.49
      vertex 8.67387 -7.63269 3.5
      vertex 8.67387 -7.63269 3.49
    endloop
  endfacet
  facet normal 0.941527 -0.336937 0
    outer loop
      vertex 8.67387 -7.63269 3.5
      vertex 8.70694 -7.54028 3.49
      vertex 8.70694 -7.54028 3.5
    endloop
  endfacet
  facet normal -0.977599 0.144938 -0.152624
    outer loop
      vertex -8.24614 7.02841 -0.01
      vertex -8.74518 7.34802 3.49
      vertex -8.73079 7.44508 3.49
    endloop
  endfacet
  facet normal -0.0485928 0.988188 -0.145335
    outer loop
      vertex -7.45 7.75 -0.01
      vertex -7.84802 8.24518 3.49
      vertex -7.75 8.25 3.49
    endloop
  endfacet
  facet normal -0.671556 0.740954 0
    outer loop
      vertex -8.45711 7.95711 3.5
      vertex -8.3844 8.02301 3.49
      vertex -8.45711 7.95711 3.49
    endloop
  endfacet
  facet normal -0.671556 0.740954 0
    outer loop
      vertex -8.3844 8.02301 3.49
      vertex -8.45711 7.95711 3.5
      vertex -8.3844 8.02301 3.5
    endloop
  endfacet
  facet normal 0.857709 -0.514136 0
    outer loop
      vertex 8.63193 -7.72139 3.49
      vertex 8.58147 -7.80557 3.5
      vertex 8.58147 -7.80557 3.49
    endloop
  endfacet
  facet normal 0.857709 -0.514136 0
    outer loop
      vertex 8.58147 -7.80557 3.5
      vertex 8.63193 -7.72139 3.49
      vertex 8.63193 -7.72139 3.5
    endloop
  endfacet
  facet normal 0.332278 0.928746 -0.164386
    outer loop
      vertex 7.75615 7.6891 -0.01
      vertex 7.68222 7.71555 -0.01
      vertex 8.04028 8.20694 3.49
    endloop
  endfacet
  facet normal 0.146656 0.989188 0
    outer loop
      vertex 7.84802 8.24518 3.5
      vertex 7.94508 8.23079 3.49
      vertex 7.84802 8.24518 3.49
    endloop
  endfacet
  facet normal 0.146656 0.989188 -0
    outer loop
      vertex 7.94508 8.23079 3.49
      vertex 7.84802 8.24518 3.5
      vertex 7.94508 8.23079 3.5
    endloop
  endfacet
  facet normal 0.988185 -0.0486468 -0.145341
    outer loop
      vertex 8.74518 -7.34802 3.49
      vertex 8.24614 -7.02841 -0.01
      vertex 8.25 -6.95 -0.01
    endloop
  endfacet
  facet normal 0.988188 -0.0485928 -0.145335
    outer loop
      vertex 8.74518 -7.34802 3.49
      vertex 8.25 -6.95 -0.01
      vertex 8.75 -7.25 3.49
    endloop
  endfacet
  facet normal -0.239924 0.957682 -0.159001
    outer loop
      vertex -7.68222 7.71555 -0.01
      vertex -8.04028 8.20694 3.49
      vertex -7.94508 8.23079 3.49
    endloop
  endfacet
  facet normal 0.145032 0.977583 -0.152633
    outer loop
      vertex 7.60606 7.73462 -0.01
      vertex 7.52841 7.74614 -0.01
      vertex 7.94508 8.23079 3.49
    endloop
  endfacet
  facet normal 0.421461 -0.891006 -0.168756
    outer loop
      vertex 8.22139 -8.13193 3.49
      vertex 7.75615 -7.6891 -0.01
      vertex 7.82712 -7.65553 -0.01
    endloop
  endfacet
  facet normal -0.506472 0.844915 -0.172058
    outer loop
      vertex -7.89445 7.61517 -0.01
      vertex -8.22139 8.13193 3.49
      vertex -7.82712 7.65553 -0.01
    endloop
  endfacet
  facet normal -0.790937 -0.586556 -0.174274
    outer loop
      vertex -8.52301 -7.8844 3.49
      vertex -8.58147 -7.80557 3.49
      vertex -8.11517 -7.39445 -0.01
    endloop
  endfacet
  facet normal 0.144938 0.977599 -0.152624
    outer loop
      vertex 7.94508 8.23079 3.49
      vertex 7.52841 7.74614 -0.01
      vertex 7.84802 8.24518 3.49
    endloop
  endfacet
  facet normal -0.977583 -0.145032 -0.152633
    outer loop
      vertex -8.23462 -7.10606 -0.01
      vertex -8.73079 -7.44508 3.49
      vertex -8.24614 -7.02841 -0.01
    endloop
  endfacet
  facet normal -0.729593 -0.661009 -0.175388
    outer loop
      vertex -8.01569 -7.51569 -0.01
      vertex -8.52301 -7.8844 3.49
      vertex -8.06841 -7.4575 -0.01
    endloop
  endfacet
  facet normal -0.586556 0.790937 -0.174274
    outer loop
      vertex -7.89445 7.61517 -0.01
      vertex -8.3844 8.02301 3.49
      vertex -8.30557 8.08147 3.49
    endloop
  endfacet
  facet normal 0.0491143 0.998793 0
    outer loop
      vertex 7.75 8.25 3.5
      vertex 7.84802 8.24518 3.49
      vertex 7.75 8.25 3.49
    endloop
  endfacet
  facet normal 0.0491143 0.998793 -0
    outer loop
      vertex 7.84802 8.24518 3.49
      vertex 7.75 8.25 3.5
      vertex 7.84802 8.24518 3.5
    endloop
  endfacet
  facet normal 0.243015 0.970023 0
    outer loop
      vertex 7.94508 8.23079 3.5
      vertex 8.04028 8.20694 3.49
      vertex 7.94508 8.23079 3.49
    endloop
  endfacet
  facet normal 0.243015 0.970023 -0
    outer loop
      vertex 8.04028 8.20694 3.49
      vertex 7.94508 8.23079 3.5
      vertex 8.04028 8.20694 3.5
    endloop
  endfacet
  facet normal -0.844915 0.506472 -0.172058
    outer loop
      vertex -8.15553 7.32712 -0.01
      vertex -8.63193 7.72139 3.49
      vertex -8.11517 7.39445 -0.01
    endloop
  endfacet
  facet normal 0.506472 -0.844915 -0.172058
    outer loop
      vertex 8.22139 -8.13193 3.49
      vertex 7.82712 -7.65553 -0.01
      vertex 7.89445 -7.61517 -0.01
    endloop
  endfacet
  facet normal -1 -0 0
    outer loop
      vertex -8.75 7.25 3.5
      vertex -8.75 -7.25 3.49
      vertex -8.75 -7.25 3.5
    endloop
  endfacet
  facet normal -1 0 0
    outer loop
      vertex -8.75 -7.25 3.49
      vertex -8.75 7.25 3.5
      vertex -8.75 7.25 3.49
    endloop
  endfacet
  facet normal 0.336937 0.941527 0
    outer loop
      vertex 8.04028 8.20694 3.5
      vertex 8.13269 8.17387 3.49
      vertex 8.04028 8.20694 3.49
    endloop
  endfacet
  facet normal 0.336937 0.941527 -0
    outer loop
      vertex 8.13269 8.17387 3.49
      vertex 8.04028 8.20694 3.5
      vertex 8.13269 8.17387 3.5
    endloop
  endfacet
  facet normal -0.243015 0.970023 0
    outer loop
      vertex -8.04028 8.20694 3.5
      vertex -7.94508 8.23079 3.49
      vertex -8.04028 8.20694 3.49
    endloop
  endfacet
  facet normal -0.243015 0.970023 0
    outer loop
      vertex -7.94508 8.23079 3.49
      vertex -8.04028 8.20694 3.5
      vertex -7.94508 8.23079 3.5
    endloop
  endfacet
  facet normal -0.891072 -0.421325 -0.168746
    outer loop
      vertex -8.63193 -7.72139 3.49
      vertex -8.67387 -7.63269 3.49
      vertex -8.1891 -7.25615 -0.01
    endloop
  endfacet
  facet normal 0.0486468 0.988185 -0.145341
    outer loop
      vertex 7.52841 7.74614 -0.01
      vertex 7.45 7.75 -0.01
      vertex 7.84802 8.24518 3.49
    endloop
  endfacet
  facet normal 0.0485928 0.988188 -0.145335
    outer loop
      vertex 7.84802 8.24518 3.49
      vertex 7.45 7.75 -0.01
      vertex 7.75 8.25 3.49
    endloop
  endfacet
  facet normal -0.803229 -0.595671 0
    outer loop
      vertex -8.58147 -7.80557 3.5
      vertex -8.52301 -7.8844 3.49
      vertex -8.52301 -7.8844 3.5
    endloop
  endfacet
  facet normal -0.803229 -0.595671 0
    outer loop
      vertex -8.52301 -7.8844 3.49
      vertex -8.58147 -7.80557 3.5
      vertex -8.58147 -7.80557 3.49
    endloop
  endfacet
  facet normal -0.332353 0.928719 -0.164388
    outer loop
      vertex -7.75615 7.6891 -0.01
      vertex -8.13269 8.17387 3.49
      vertex -8.04028 8.20694 3.49
    endloop
  endfacet
  facet normal -0.904036 -0.427455 0
    outer loop
      vertex -8.67387 -7.63269 3.5
      vertex -8.63193 -7.72139 3.49
      vertex -8.63193 -7.72139 3.5
    endloop
  endfacet
  facet normal -0.904036 -0.427455 0
    outer loop
      vertex -8.63193 -7.72139 3.49
      vertex -8.67387 -7.63269 3.5
      vertex -8.67387 -7.63269 3.49
    endloop
  endfacet
  facet normal -0.928719 -0.332353 -0.164388
    outer loop
      vertex -8.67387 -7.63269 3.49
      vertex -8.70694 -7.54028 3.49
      vertex -8.1891 -7.25615 -0.01
    endloop
  endfacet
  facet normal 0.239805 0.957713 -0.158996
    outer loop
      vertex 7.68222 7.71555 -0.01
      vertex 7.60606 7.73462 -0.01
      vertex 7.94508 8.23079 3.49
    endloop
  endfacet
  facet normal -0.661147 0.729469 -0.175384
    outer loop
      vertex -8.01569 7.51569 -0.01
      vertex -8.45711 7.95711 3.49
      vertex -8.3844 8.02301 3.49
    endloop
  endfacet
  facet normal -0.144938 0.977599 -0.152624
    outer loop
      vertex -7.52841 7.74614 -0.01
      vertex -7.94508 8.23079 3.49
      vertex -7.84802 8.24518 3.49
    endloop
  endfacet
  facet normal -0.421325 0.891072 -0.168746
    outer loop
      vertex -7.75615 7.6891 -0.01
      vertex -8.22139 8.13193 3.49
      vertex -8.13269 8.17387 3.49
    endloop
  endfacet
  facet normal -0.857709 -0.514136 0
    outer loop
      vertex -8.63193 -7.72139 3.5
      vertex -8.58147 -7.80557 3.49
      vertex -8.58147 -7.80557 3.5
    endloop
  endfacet
  facet normal -0.857709 -0.514136 0
    outer loop
      vertex -8.58147 -7.80557 3.49
      vertex -8.63193 -7.72139 3.5
      vertex -8.63193 -7.72139 3.49
    endloop
  endfacet
  facet normal -0.998793 0.0491143 0
    outer loop
      vertex -8.74518 7.34802 3.5
      vertex -8.75 7.25 3.49
      vertex -8.75 7.25 3.5
    endloop
  endfacet
  facet normal -0.998793 0.0491143 0
    outer loop
      vertex -8.75 7.25 3.49
      vertex -8.74518 7.34802 3.5
      vertex -8.74518 7.34802 3.49
    endloop
  endfacet
  facet normal -0.891006 -0.421461 -0.168756
    outer loop
      vertex -8.15553 -7.32712 -0.01
      vertex -8.63193 -7.72139 3.49
      vertex -8.1891 -7.25615 -0.01
    endloop
  endfacet
  facet normal -0.844917 0.506469 -0.172058
    outer loop
      vertex -8.11517 7.39445 -0.01
      vertex -8.63193 7.72139 3.49
      vertex -8.58147 7.80557 3.49
    endloop
  endfacet
  facet normal -0.891006 0.421461 -0.168756
    outer loop
      vertex -8.1891 7.25615 -0.01
      vertex -8.63193 7.72139 3.49
      vertex -8.15553 7.32712 -0.01
    endloop
  endfacet
  facet normal -0.661009 0.729593 -0.175388
    outer loop
      vertex -8.01569 7.51569 -0.01
      vertex -8.3844 8.02301 3.49
      vertex -7.9575 7.56841 -0.01
    endloop
  endfacet
  facet normal -0.989188 0.146656 0
    outer loop
      vertex -8.73079 7.44508 3.5
      vertex -8.74518 7.34802 3.49
      vertex -8.74518 7.34802 3.5
    endloop
  endfacet
  facet normal -0.989188 0.146656 0
    outer loop
      vertex -8.74518 7.34802 3.49
      vertex -8.73079 7.44508 3.5
      vertex -8.73079 7.44508 3.49
    endloop
  endfacet
  facet normal -0.989949 0 -0.141421
    outer loop
      vertex -8.75 -7.25 3.49
      vertex -8.25 6.95 -0.01
      vertex -8.25 -6.95 -0.01
    endloop
  endfacet
  facet normal -0.989949 0 -0.141421
    outer loop
      vertex -8.25 6.95 -0.01
      vertex -8.75 -7.25 3.49
      vertex -8.75 7.25 3.49
    endloop
  endfacet
  facet normal -0.989188 -0.146656 0
    outer loop
      vertex -8.74518 -7.34802 3.5
      vertex -8.73079 -7.44508 3.49
      vertex -8.73079 -7.44508 3.5
    endloop
  endfacet
  facet normal -0.989188 -0.146656 0
    outer loop
      vertex -8.73079 -7.44508 3.49
      vertex -8.74518 -7.34802 3.5
      vertex -8.74518 -7.34802 3.49
    endloop
  endfacet
  facet normal -0.146656 0.989188 0
    outer loop
      vertex -7.94508 8.23079 3.5
      vertex -7.84802 8.24518 3.49
      vertex -7.94508 8.23079 3.49
    endloop
  endfacet
  facet normal -0.146656 0.989188 0
    outer loop
      vertex -7.84802 8.24518 3.49
      vertex -7.94508 8.23079 3.5
      vertex -7.84802 8.24518 3.5
    endloop
  endfacet
  facet normal -0.332278 0.928746 -0.164386
    outer loop
      vertex -7.75615 7.6891 -0.01
      vertex -8.04028 8.20694 3.49
      vertex -7.68222 7.71555 -0.01
    endloop
  endfacet
  facet normal -0.0486468 0.988185 -0.145341
    outer loop
      vertex -7.52841 7.74614 -0.01
      vertex -7.84802 8.24518 3.49
      vertex -7.45 7.75 -0.01
    endloop
  endfacet
  facet normal -0.145032 0.977583 -0.152633
    outer loop
      vertex -7.60606 7.73462 -0.01
      vertex -7.94508 8.23079 3.49
      vertex -7.52841 7.74614 -0.01
    endloop
  endfacet
  facet normal -0.844917 -0.506469 -0.172058
    outer loop
      vertex -8.58147 -7.80557 3.49
      vertex -8.63193 -7.72139 3.49
      vertex -8.11517 -7.39445 -0.01
    endloop
  endfacet
  facet normal -0.941527 -0.336937 0
    outer loop
      vertex -8.70694 -7.54028 3.5
      vertex -8.67387 -7.63269 3.49
      vertex -8.67387 -7.63269 3.5
    endloop
  endfacet
  facet normal -0.941527 -0.336937 0
    outer loop
      vertex -8.67387 -7.63269 3.49
      vertex -8.70694 -7.54028 3.5
      vertex -8.70694 -7.54028 3.49
    endloop
  endfacet
  facet normal -0.904036 0.427455 0
    outer loop
      vertex -8.63193 7.72139 3.5
      vertex -8.67387 7.63269 3.49
      vertex -8.67387 7.63269 3.5
    endloop
  endfacet
  facet normal -0.904036 0.427455 0
    outer loop
      vertex -8.67387 7.63269 3.49
      vertex -8.63193 7.72139 3.5
      vertex -8.63193 7.72139 3.49
    endloop
  endfacet
  facet normal -0.977583 0.145032 -0.152633
    outer loop
      vertex -8.24614 7.02841 -0.01
      vertex -8.73079 7.44508 3.49
      vertex -8.23462 7.10606 -0.01
    endloop
  endfacet
  facet normal -0.988188 -0.0485928 -0.145335
    outer loop
      vertex -8.74518 -7.34802 3.49
      vertex -8.75 -7.25 3.49
      vertex -8.25 -6.95 -0.01
    endloop
  endfacet
  facet normal -0.957682 -0.239924 -0.159001
    outer loop
      vertex -8.70694 -7.54028 3.49
      vertex -8.73079 -7.44508 3.49
      vertex -8.21555 -7.18222 -0.01
    endloop
  endfacet
  facet normal -0.928746 -0.332278 -0.164386
    outer loop
      vertex -8.1891 -7.25615 -0.01
      vertex -8.70694 -7.54028 3.49
      vertex -8.21555 -7.18222 -0.01
    endloop
  endfacet
  facet normal -0.0491143 0.998793 0
    outer loop
      vertex -7.84802 8.24518 3.5
      vertex -7.75 8.25 3.49
      vertex -7.84802 8.24518 3.49
    endloop
  endfacet
  facet normal -0.0491143 0.998793 0
    outer loop
      vertex -7.75 8.25 3.49
      vertex -7.84802 8.24518 3.5
      vertex -7.75 8.25 3.5
    endloop
  endfacet
  facet normal -0.740954 0.671556 0
    outer loop
      vertex -8.45711 7.95711 3.5
      vertex -8.52301 7.8844 3.49
      vertex -8.52301 7.8844 3.5
    endloop
  endfacet
  facet normal -0.740954 0.671556 0
    outer loop
      vertex -8.52301 7.8844 3.49
      vertex -8.45711 7.95711 3.5
      vertex -8.45711 7.95711 3.49
    endloop
  endfacet
  facet normal -0.803229 0.595671 0
    outer loop
      vertex -8.52301 7.8844 3.5
      vertex -8.58147 7.80557 3.49
      vertex -8.58147 7.80557 3.5
    endloop
  endfacet
  facet normal -0.803229 0.595671 0
    outer loop
      vertex -8.58147 7.80557 3.49
      vertex -8.52301 7.8844 3.5
      vertex -8.52301 7.8844 3.49
    endloop
  endfacet
  facet normal -0.891072 0.421325 -0.168746
    outer loop
      vertex -8.1891 7.25615 -0.01
      vertex -8.67387 7.63269 3.49
      vertex -8.63193 7.72139 3.49
    endloop
  endfacet
  facet normal -0.857709 0.514136 0
    outer loop
      vertex -8.58147 7.80557 3.5
      vertex -8.63193 7.72139 3.49
      vertex -8.63193 7.72139 3.5
    endloop
  endfacet
  facet normal -0.857709 0.514136 0
    outer loop
      vertex -8.63193 7.72139 3.49
      vertex -8.58147 7.80557 3.5
      vertex -8.58147 7.80557 3.49
    endloop
  endfacet
  facet normal -0.988185 0.0486468 -0.145341
    outer loop
      vertex -8.25 6.95 -0.01
      vertex -8.74518 7.34802 3.49
      vertex -8.24614 7.02841 -0.01
    endloop
  endfacet
  facet normal -0.988188 0.0485928 -0.145335
    outer loop
      vertex -8.25 6.95 -0.01
      vertex -8.75 7.25 3.49
      vertex -8.74518 7.34802 3.49
    endloop
  endfacet
  facet normal -0.450302 -0.751336 0.482413
    outer loop
      vertex 7.32777 6.96573 2.29
      vertex 7.28569 6.99095 2.29
      vertex 6.8914 6.51456 1.18
    endloop
  endfacet
  facet normal -0.450319 -0.751325 0.482415
    outer loop
      vertex 6.91666 6.49942 1.18
      vertex 7.32777 6.96573 2.29
      vertex 6.8914 6.51456 1.18
    endloop
  endfacet
  facet normal -0.427543 -0.903995 -0
    outer loop
      vertex 7.28569 6.99095 2.3
      vertex 7.24133 7.01193 2.29
      vertex 7.28569 6.99095 2.29
    endloop
  endfacet
  facet normal -0.427543 -0.903995 0
    outer loop
      vertex 7.24133 7.01193 2.29
      vertex 7.28569 6.99095 2.3
      vertex 7.24133 7.01193 2.3
    endloop
  endfacet
  facet normal -0.970083 0.242775 0
    outer loop
      vertex 7.54037 -6.64754 2.3
      vertex 7.52846 -6.69513 2.29
      vertex 7.52846 -6.69513 2.3
    endloop
  endfacet
  facet normal -0.970083 0.242775 0
    outer loop
      vertex 7.52846 -6.69513 2.29
      vertex 7.54037 -6.64754 2.3
      vertex 7.54037 -6.64754 2.29
    endloop
  endfacet
  facet normal 0.803167 0.595754 0
    outer loop
      vertex -7.46573 -6.82777 2.29
      vertex -7.43649 -6.86719 2.3
      vertex -7.43649 -6.86719 2.29
    endloop
  endfacet
  facet normal 0.803167 0.595754 0
    outer loop
      vertex -7.43649 -6.86719 2.3
      vertex -7.46573 -6.82777 2.29
      vertex -7.46573 -6.82777 2.3
    endloop
  endfacet
  facet normal -0.751325 0.450319 0.482415
    outer loop
      vertex 7.46573 -6.82777 2.29
      vertex 7.01456 -6.3914 1.18
      vertex 6.99942 -6.41666 1.18
    endloop
  endfacet
  facet normal -0.13189 0.889341 0.437811
    outer loop
      vertex 7.099 -7.04758 2.29
      vertex 6.80852 -6.54422 1.18
      vertex 6.77939 -6.54854 1.18
    endloop
  endfacet
  facet normal -0.795482 -0.376222 0.475042
    outer loop
      vertex 7.51193 6.74133 2.29
      vertex 7.49095 6.78569 2.29
      vertex 7.02715 6.36479 1.18
    endloop
  endfacet
  facet normal 0 -1 -0
    outer loop
      vertex 7.04999 7.04999 2.3
      vertex -7.04999 7.04999 2.29
      vertex 7.04999 7.04999 2.29
    endloop
  endfacet
  facet normal 0 -1 0
    outer loop
      vertex -7.04999 7.04999 2.29
      vertex 7.04999 7.04999 2.3
      vertex -7.04999 7.04999 2.3
    endloop
  endfacet
  facet normal 0.427543 -0.903995 0
    outer loop
      vertex -7.24133 7.01193 2.3
      vertex -7.28569 6.99095 2.29
      vertex -7.24133 7.01193 2.29
    endloop
  endfacet
  facet normal 0.427543 -0.903995 0
    outer loop
      vertex -7.28569 6.99095 2.29
      vertex -7.24133 7.01193 2.3
      vertex -7.28569 6.99095 2.3
    endloop
  endfacet
  facet normal -0.889295 -0.132093 0.437843
    outer loop
      vertex 7.54758 6.599 2.29
      vertex 7.54037 6.64754 2.29
      vertex 7.04422 6.30852 1.18
    endloop
  endfacet
  facet normal 0.889295 -0.132093 0.437843
    outer loop
      vertex -7.04422 6.30852 1.18
      vertex -7.54037 6.64754 2.29
      vertex -7.54758 6.599 2.29
    endloop
  endfacet
  facet normal -0.0491143 -0.998793 -0
    outer loop
      vertex 7.099 7.04758 2.3
      vertex 7.04999 7.04999 2.29
      vertex 7.099 7.04758 2.29
    endloop
  endfacet
  facet normal -0.0491143 -0.998793 0
    outer loop
      vertex 7.04999 7.04999 2.29
      vertex 7.099 7.04758 2.3
      vertex 7.04999 7.04999 2.3
    endloop
  endfacet
  facet normal 0.889341 -0.13189 0.437811
    outer loop
      vertex -7.04854 6.27939 1.18
      vertex -7.04422 6.30852 1.18
      vertex -7.54758 6.599 2.29
    endloop
  endfacet
  facet normal -0.857745 0.514076 0
    outer loop
      vertex 7.49095 -6.78569 2.3
      vertex 7.46573 -6.82777 2.29
      vertex 7.46573 -6.82777 2.3
    endloop
  endfacet
  facet normal -0.857745 0.514076 0
    outer loop
      vertex 7.46573 -6.82777 2.29
      vertex 7.49095 -6.78569 2.3
      vertex 7.49095 -6.78569 2.29
    endloop
  endfacet
  facet normal 0.645802 -0.585736 0.489748
    outer loop
      vertex -6.98189 6.44031 1.18
      vertex -7.40353 6.90353 2.29
      vertex -7.43649 6.86719 2.29
    endloop
  endfacet
  facet normal 0.514076 -0.857745 0
    outer loop
      vertex -7.28569 6.99095 2.3
      vertex -7.32777 6.96573 2.29
      vertex -7.28569 6.99095 2.29
    endloop
  endfacet
  facet normal 0.514076 -0.857745 0
    outer loop
      vertex -7.32777 6.96573 2.29
      vertex -7.28569 6.99095 2.3
      vertex -7.32777 6.96573 2.3
    endloop
  endfacet
  facet normal -0.514076 -0.857745 -0
    outer loop
      vertex 7.32777 6.96573 2.3
      vertex 7.28569 6.99095 2.29
      vertex 7.32777 6.96573 2.29
    endloop
  endfacet
  facet normal -0.514076 -0.857745 0
    outer loop
      vertex 7.28569 6.99095 2.29
      vertex 7.32777 6.96573 2.3
      vertex 7.28569 6.99095 2.3
    endloop
  endfacet
  facet normal 0.298211 0.833475 0.465177
    outer loop
      vertex -7.19513 -7.02846 2.29
      vertex -6.83707 -6.53706 1.18
      vertex -7.24133 -7.01193 2.29
    endloop
  endfacet
  facet normal -0.67182 0.740714 0
    outer loop
      vertex 7.36719 -6.93649 2.3
      vertex 7.40353 -6.90353 2.29
      vertex 7.36719 -6.93649 2.29
    endloop
  endfacet
  facet normal -0.67182 0.740714 0
    outer loop
      vertex 7.40353 -6.90353 2.29
      vertex 7.36719 -6.93649 2.3
      vertex 7.40353 -6.90353 2.3
    endloop
  endfacet
  facet normal 0.132093 0.889295 0.437843
    outer loop
      vertex -7.099 -7.04758 2.29
      vertex -6.80852 -6.54422 1.18
      vertex -7.14754 -7.04037 2.29
    endloop
  endfacet
  facet normal 0.519993 0.70153 0.487302
    outer loop
      vertex -6.91666 -6.49942 1.18
      vertex -6.94031 -6.48189 1.18
      vertex -7.32777 -6.96573 2.29
    endloop
  endfacet
  facet normal 0.520231 0.701351 0.487306
    outer loop
      vertex -7.32777 -6.96573 2.29
      vertex -6.94031 -6.48189 1.18
      vertex -7.36719 -6.93649 2.29
    endloop
  endfacet
  facet normal -0.70153 -0.519993 0.487302
    outer loop
      vertex 6.99942 6.41666 1.18
      vertex 7.46573 6.82777 2.29
      vertex 6.98189 6.44031 1.18
    endloop
  endfacet
  facet normal -0.645802 0.585736 0.489748
    outer loop
      vertex 7.40353 -6.90353 2.29
      vertex 7.43649 -6.86719 2.29
      vertex 6.98189 -6.44031 1.18
    endloop
  endfacet
  facet normal -0.941548 0.336879 0
    outer loop
      vertex 7.52846 -6.69513 2.3
      vertex 7.51193 -6.74133 2.29
      vertex 7.51193 -6.74133 2.3
    endloop
  endfacet
  facet normal -0.941548 0.336879 0
    outer loop
      vertex 7.51193 -6.74133 2.29
      vertex 7.52846 -6.69513 2.3
      vertex 7.52846 -6.69513 2.29
    endloop
  endfacet
  facet normal 0.0445659 -0.906296 0.420287
    outer loop
      vertex -6.74998 6.54999 1.18
      vertex -7.04999 7.04999 2.29
      vertex -7.099 7.04758 2.29
    endloop
  endfacet
  facet normal 0.998793 -0.0491143 0
    outer loop
      vertex -7.54758 6.599 2.29
      vertex -7.54999 6.54999 2.3
      vertex -7.54999 6.54999 2.29
    endloop
  endfacet
  facet normal 0.998793 -0.0491143 0
    outer loop
      vertex -7.54999 6.54999 2.3
      vertex -7.54758 6.599 2.29
      vertex -7.54758 6.599 2.3
    endloop
  endfacet
  facet normal 0.857745 0.514076 0
    outer loop
      vertex -7.49095 -6.78569 2.29
      vertex -7.46573 -6.82777 2.3
      vertex -7.46573 -6.82777 2.29
    endloop
  endfacet
  facet normal 0.857745 0.514076 0
    outer loop
      vertex -7.46573 -6.82777 2.3
      vertex -7.49095 -6.78569 2.29
      vertex -7.49095 -6.78569 2.3
    endloop
  endfacet
  facet normal -0.803167 -0.595754 0
    outer loop
      vertex 7.43649 6.86719 2.3
      vertex 7.46573 6.82777 2.29
      vertex 7.46573 6.82777 2.3
    endloop
  endfacet
  facet normal -0.803167 -0.595754 0
    outer loop
      vertex 7.46573 6.82777 2.29
      vertex 7.43649 6.86719 2.3
      vertex 7.43649 6.86719 2.29
    endloop
  endfacet
  facet normal -0.519993 -0.70153 0.487302
    outer loop
      vertex 6.94031 6.48189 1.18
      vertex 7.32777 6.96573 2.29
      vertex 6.91666 6.49942 1.18
    endloop
  endfacet
  facet normal -0.645687 0.585857 0.489755
    outer loop
      vertex 7.40353 -6.90353 2.29
      vertex 6.98189 -6.44031 1.18
      vertex 6.96211 -6.46211 1.18
    endloop
  endfacet
  facet normal 0 -0.911768 0.410706
    outer loop
      vertex 7.04999 7.04999 2.29
      vertex -6.74998 6.54999 1.18
      vertex 6.74998 6.54999 1.18
    endloop
  endfacet
  facet normal 0 -0.911768 0.410706
    outer loop
      vertex -6.74998 6.54999 1.18
      vertex 7.04999 7.04999 2.29
      vertex -7.04999 7.04999 2.29
    endloop
  endfacet
  facet normal -0.595754 0.803167 0
    outer loop
      vertex 7.32777 -6.96573 2.3
      vertex 7.36719 -6.93649 2.29
      vertex 7.32777 -6.96573 2.29
    endloop
  endfacet
  facet normal -0.595754 0.803167 0
    outer loop
      vertex 7.36719 -6.93649 2.29
      vertex 7.32777 -6.96573 2.3
      vertex 7.36719 -6.93649 2.3
    endloop
  endfacet
  facet normal -0.906296 -0.0445659 0.420287
    outer loop
      vertex 7.54999 6.54999 2.29
      vertex 7.54758 6.599 2.29
      vertex 7.04999 6.24998 1.18
    endloop
  endfacet
  facet normal -1 -0 0
    outer loop
      vertex 7.54999 6.54999 2.3
      vertex 7.54999 -6.54999 2.29
      vertex 7.54999 -6.54999 2.3
    endloop
  endfacet
  facet normal -1 0 0
    outer loop
      vertex 7.54999 -6.54999 2.29
      vertex 7.54999 6.54999 2.3
      vertex 7.54999 6.54999 2.29
    endloop
  endfacet
  facet normal 0.864967 -0.216469 0.452739
    outer loop
      vertex -7.04422 6.30852 1.18
      vertex -7.52846 6.69513 2.29
      vertex -7.54037 6.64754 2.29
    endloop
  endfacet
  facet normal 0.298211 -0.833475 0.465177
    outer loop
      vertex -6.83707 6.53706 1.18
      vertex -7.19513 7.02846 2.29
      vertex -7.24133 7.01193 2.29
    endloop
  endfacet
  facet normal -0.701351 0.520231 0.487306
    outer loop
      vertex 7.43649 -6.86719 2.29
      vertex 7.46573 -6.82777 2.29
      vertex 6.98189 -6.44031 1.18
    endloop
  endfacet
  facet normal 1 0 0
    outer loop
      vertex -7.54999 6.54999 2.29
      vertex -7.54999 -6.54999 2.3
      vertex -7.54999 -6.54999 2.29
    endloop
  endfacet
  facet normal 1 -0 0
    outer loop
      vertex -7.54999 -6.54999 2.3
      vertex -7.54999 6.54999 2.29
      vertex -7.54999 6.54999 2.3
    endloop
  endfacet
  facet normal -0.740714 -0.67182 0
    outer loop
      vertex 7.40353 6.90353 2.3
      vertex 7.43649 6.86719 2.29
      vertex 7.43649 6.86719 2.3
    endloop
  endfacet
  facet normal -0.740714 -0.67182 0
    outer loop
      vertex 7.43649 6.86719 2.29
      vertex 7.40353 6.90353 2.3
      vertex 7.40353 6.90353 2.29
    endloop
  endfacet
  facet normal 0.67182 -0.740714 0
    outer loop
      vertex -7.36719 6.93649 2.3
      vertex -7.40353 6.90353 2.29
      vertex -7.36719 6.93649 2.29
    endloop
  endfacet
  facet normal 0.67182 -0.740714 0
    outer loop
      vertex -7.40353 6.90353 2.29
      vertex -7.36719 6.93649 2.3
      vertex -7.40353 6.90353 2.3
    endloop
  endfacet
  facet normal 0.376222 -0.795482 0.475042
    outer loop
      vertex -6.86479 6.52715 1.18
      vertex -7.24133 7.01193 2.29
      vertex -7.28569 6.99095 2.29
    endloop
  endfacet
  facet normal 0.864967 0.216469 0.452739
    outer loop
      vertex -7.52846 -6.69513 2.29
      vertex -7.04422 -6.30852 1.18
      vertex -7.54037 -6.64754 2.29
    endloop
  endfacet
  facet normal -0.585857 -0.645687 0.489755
    outer loop
      vertex 6.96211 6.46211 1.18
      vertex 7.40353 6.90353 2.29
      vertex 6.94031 6.48189 1.18
    endloop
  endfacet
  facet normal 0.216469 -0.864967 0.452739
    outer loop
      vertex -6.80852 6.54422 1.18
      vertex -7.14754 7.04037 2.29
      vertex -7.19513 7.02846 2.29
    endloop
  endfacet
  facet normal -0.146925 -0.989148 -0
    outer loop
      vertex 7.14754 7.04037 2.3
      vertex 7.099 7.04758 2.29
      vertex 7.14754 7.04037 2.29
    endloop
  endfacet
  facet normal -0.146925 -0.989148 0
    outer loop
      vertex 7.099 7.04758 2.29
      vertex 7.14754 7.04037 2.3
      vertex 7.099 7.04758 2.3
    endloop
  endfacet
  facet normal 0.585736 0.645802 0.489748
    outer loop
      vertex -7.36719 -6.93649 2.29
      vertex -6.94031 -6.48189 1.18
      vertex -7.40353 -6.90353 2.29
    endloop
  endfacet
  facet normal -0.645687 -0.585857 0.489755
    outer loop
      vertex 6.98189 6.44031 1.18
      vertex 7.40353 6.90353 2.29
      vertex 6.96211 6.46211 1.18
    endloop
  endfacet
  facet normal 0.645687 -0.585857 0.489755
    outer loop
      vertex -6.98189 6.44031 1.18
      vertex -6.96211 6.46211 1.18
      vertex -7.40353 6.90353 2.29
    endloop
  endfacet
  facet normal -0.941548 -0.336879 0
    outer loop
      vertex 7.51193 6.74133 2.3
      vertex 7.52846 6.69513 2.29
      vertex 7.52846 6.69513 2.3
    endloop
  endfacet
  facet normal -0.941548 -0.336879 0
    outer loop
      vertex 7.52846 6.69513 2.29
      vertex 7.51193 6.74133 2.3
      vertex 7.51193 6.74133 2.29
    endloop
  endfacet
  facet normal -0.803167 0.595754 0
    outer loop
      vertex 7.46573 -6.82777 2.3
      vertex 7.43649 -6.86719 2.29
      vertex 7.43649 -6.86719 2.3
    endloop
  endfacet
  facet normal -0.803167 0.595754 0
    outer loop
      vertex 7.43649 -6.86719 2.29
      vertex 7.46573 -6.82777 2.3
      vertex 7.46573 -6.82777 2.29
    endloop
  endfacet
  facet normal -0.911768 0 0.410706
    outer loop
      vertex 7.54999 -6.54999 2.29
      vertex 7.04999 6.24998 1.18
      vertex 7.04999 -6.24998 1.18
    endloop
  endfacet
  facet normal -0.911768 0 0.410706
    outer loop
      vertex 7.04999 6.24998 1.18
      vertex 7.54999 -6.54999 2.29
      vertex 7.54999 6.54999 2.29
    endloop
  endfacet
  facet normal 0.70153 0.519993 0.487302
    outer loop
      vertex -6.98189 -6.44031 1.18
      vertex -6.99942 -6.41666 1.18
      vertex -7.46573 -6.82777 2.29
    endloop
  endfacet
  facet normal -0.336879 0.941548 0
    outer loop
      vertex 7.19513 -7.02846 2.3
      vertex 7.24133 -7.01193 2.29
      vertex 7.19513 -7.02846 2.29
    endloop
  endfacet
  facet normal -0.336879 0.941548 0
    outer loop
      vertex 7.24133 -7.01193 2.29
      vertex 7.19513 -7.02846 2.3
      vertex 7.24133 -7.01193 2.3
    endloop
  endfacet
  facet normal 0 0.911768 0.410706
    outer loop
      vertex -7.04999 -7.04999 2.29
      vertex 6.74998 -6.54999 1.18
      vertex -6.74998 -6.54999 1.18
    endloop
  endfacet
  facet normal 0 0.911768 0.410706
    outer loop
      vertex 6.74998 -6.54999 1.18
      vertex -7.04999 -7.04999 2.29
      vertex 7.04999 -7.04999 2.29
    endloop
  endfacet
  facet normal 0.450302 -0.751336 0.482413
    outer loop
      vertex -6.8914 6.51456 1.18
      vertex -7.28569 6.99095 2.29
      vertex -7.32777 6.96573 2.29
    endloop
  endfacet
  facet normal 0.0446822 -0.906277 0.420315
    outer loop
      vertex -6.77939 6.54854 1.18
      vertex -6.74998 6.54999 1.18
      vertex -7.099 7.04758 2.29
    endloop
  endfacet
  facet normal 0.595754 -0.803167 0
    outer loop
      vertex -7.32777 6.96573 2.3
      vertex -7.36719 6.93649 2.29
      vertex -7.32777 6.96573 2.29
    endloop
  endfacet
  facet normal 0.595754 -0.803167 0
    outer loop
      vertex -7.36719 6.93649 2.29
      vertex -7.32777 6.96573 2.3
      vertex -7.36719 6.93649 2.3
    endloop
  endfacet
  facet normal 0.0491143 0.998793 0
    outer loop
      vertex -7.099 -7.04758 2.3
      vertex -7.04999 -7.04999 2.29
      vertex -7.099 -7.04758 2.29
    endloop
  endfacet
  facet normal 0.0491143 0.998793 -0
    outer loop
      vertex -7.04999 -7.04999 2.29
      vertex -7.099 -7.04758 2.3
      vertex -7.04999 -7.04999 2.3
    endloop
  endfacet
  facet normal -0.519993 0.70153 0.487302
    outer loop
      vertex 7.32777 -6.96573 2.29
      vertex 6.94031 -6.48189 1.18
      vertex 6.91666 -6.49942 1.18
    endloop
  endfacet
  facet normal -0.298211 -0.833475 0.465177
    outer loop
      vertex 7.24133 7.01193 2.29
      vertex 7.19513 7.02846 2.29
      vertex 6.83707 6.53706 1.18
    endloop
  endfacet
  facet normal -0.645802 -0.585736 0.489748
    outer loop
      vertex 7.43649 6.86719 2.29
      vertex 7.40353 6.90353 2.29
      vertex 6.98189 6.44031 1.18
    endloop
  endfacet
  facet normal -0.795418 0.376337 0.475059
    outer loop
      vertex 7.49095 -6.78569 2.29
      vertex 7.02715 -6.36479 1.18
      vertex 7.01456 -6.3914 1.18
    endloop
  endfacet
  facet normal -0.86482 0.216887 0.452821
    outer loop
      vertex 7.52846 -6.69513 2.29
      vertex 7.04422 -6.30852 1.18
      vertex 7.03706 -6.33707 1.18
    endloop
  endfacet
  facet normal -0.336879 -0.941548 -0
    outer loop
      vertex 7.24133 7.01193 2.3
      vertex 7.19513 7.02846 2.29
      vertex 7.24133 7.01193 2.29
    endloop
  endfacet
  facet normal -0.336879 -0.941548 0
    outer loop
      vertex 7.19513 7.02846 2.29
      vertex 7.24133 7.01193 2.3
      vertex 7.19513 7.02846 2.3
    endloop
  endfacet
  facet normal 0.216469 0.864967 0.452739
    outer loop
      vertex -7.14754 -7.04037 2.29
      vertex -6.80852 -6.54422 1.18
      vertex -7.19513 -7.02846 2.29
    endloop
  endfacet
  facet normal -0.906277 -0.0446822 0.420315
    outer loop
      vertex 7.04999 6.24998 1.18
      vertex 7.54758 6.599 2.29
      vertex 7.04854 6.27939 1.18
    endloop
  endfacet
  facet normal -0.857745 -0.514076 0
    outer loop
      vertex 7.46573 6.82777 2.3
      vertex 7.49095 6.78569 2.29
      vertex 7.49095 6.78569 2.3
    endloop
  endfacet
  facet normal -0.857745 -0.514076 0
    outer loop
      vertex 7.49095 6.78569 2.29
      vertex 7.46573 6.82777 2.3
      vertex 7.46573 6.82777 2.29
    endloop
  endfacet
  facet normal 0.941548 -0.336879 0
    outer loop
      vertex -7.51193 6.74133 2.29
      vertex -7.52846 6.69513 2.3
      vertex -7.52846 6.69513 2.29
    endloop
  endfacet
  facet normal 0.941548 -0.336879 0
    outer loop
      vertex -7.52846 6.69513 2.3
      vertex -7.51193 6.74133 2.29
      vertex -7.51193 6.74133 2.3
    endloop
  endfacet
  facet normal -0.0445659 -0.906296 0.420287
    outer loop
      vertex 7.099 7.04758 2.29
      vertex 7.04999 7.04999 2.29
      vertex 6.74998 6.54999 1.18
    endloop
  endfacet
  facet normal -0.376222 -0.795482 0.475042
    outer loop
      vertex 7.28569 6.99095 2.29
      vertex 7.24133 7.01193 2.29
      vertex 6.86479 6.52715 1.18
    endloop
  endfacet
  facet normal -0.376337 -0.795418 0.475059
    outer loop
      vertex 6.8914 6.51456 1.18
      vertex 7.28569 6.99095 2.29
      vertex 6.86479 6.52715 1.18
    endloop
  endfacet
  facet normal -0.595754 -0.803167 -0
    outer loop
      vertex 7.36719 6.93649 2.3
      vertex 7.32777 6.96573 2.29
      vertex 7.36719 6.93649 2.29
    endloop
  endfacet
  facet normal -0.595754 -0.803167 0
    outer loop
      vertex 7.32777 6.96573 2.29
      vertex 7.36719 6.93649 2.3
      vertex 7.32777 6.96573 2.3
    endloop
  endfacet
  facet normal 0.795482 0.376222 0.475042
    outer loop
      vertex -7.49095 -6.78569 2.29
      vertex -7.02715 -6.36479 1.18
      vertex -7.51193 -6.74133 2.29
    endloop
  endfacet
  facet normal -0.701351 -0.520231 0.487306
    outer loop
      vertex 7.46573 6.82777 2.29
      vertex 7.43649 6.86719 2.29
      vertex 6.98189 6.44031 1.18
    endloop
  endfacet
  facet normal -0.216887 -0.86482 0.452821
    outer loop
      vertex 6.83707 6.53706 1.18
      vertex 7.19513 7.02846 2.29
      vertex 6.80852 6.54422 1.18
    endloop
  endfacet
  facet normal 0.13189 -0.889341 0.437811
    outer loop
      vertex -6.80852 6.54422 1.18
      vertex -6.77939 6.54854 1.18
      vertex -7.099 7.04758 2.29
    endloop
  endfacet
  facet normal 0.216887 -0.86482 0.452821
    outer loop
      vertex -6.83707 6.53706 1.18
      vertex -6.80852 6.54422 1.18
      vertex -7.19513 7.02846 2.29
    endloop
  endfacet
  facet normal 0.989148 0.146925 0
    outer loop
      vertex -7.54758 -6.599 2.29
      vertex -7.54037 -6.64754 2.3
      vertex -7.54037 -6.64754 2.29
    endloop
  endfacet
  facet normal 0.989148 0.146925 0
    outer loop
      vertex -7.54037 -6.64754 2.3
      vertex -7.54758 -6.599 2.29
      vertex -7.54758 -6.599 2.3
    endloop
  endfacet
  facet normal 0.70153 -0.519993 0.487302
    outer loop
      vertex -6.99942 6.41666 1.18
      vertex -6.98189 6.44031 1.18
      vertex -7.46573 6.82777 2.29
    endloop
  endfacet
  facet normal -0.242775 -0.970083 -0
    outer loop
      vertex 7.19513 7.02846 2.3
      vertex 7.14754 7.04037 2.29
      vertex 7.19513 7.02846 2.29
    endloop
  endfacet
  facet normal -0.242775 -0.970083 0
    outer loop
      vertex 7.14754 7.04037 2.29
      vertex 7.19513 7.02846 2.3
      vertex 7.14754 7.04037 2.3
    endloop
  endfacet
  facet normal -0.864967 0.216469 0.452739
    outer loop
      vertex 7.52846 -6.69513 2.29
      vertex 7.54037 -6.64754 2.29
      vertex 7.04422 -6.30852 1.18
    endloop
  endfacet
  facet normal -0.795482 0.376222 0.475042
    outer loop
      vertex 7.49095 -6.78569 2.29
      vertex 7.51193 -6.74133 2.29
      vertex 7.02715 -6.36479 1.18
    endloop
  endfacet
  facet normal 0.86482 -0.216887 0.452821
    outer loop
      vertex -7.04422 6.30852 1.18
      vertex -7.03706 6.33707 1.18
      vertex -7.52846 6.69513 2.29
    endloop
  endfacet
  facet normal 0.585857 -0.645687 0.489755
    outer loop
      vertex -6.96211 6.46211 1.18
      vertex -6.94031 6.48189 1.18
      vertex -7.40353 6.90353 2.29
    endloop
  endfacet
  facet normal 0.336879 -0.941548 0
    outer loop
      vertex -7.19513 7.02846 2.3
      vertex -7.24133 7.01193 2.29
      vertex -7.19513 7.02846 2.29
    endloop
  endfacet
  facet normal 0.336879 -0.941548 0
    outer loop
      vertex -7.24133 7.01193 2.29
      vertex -7.19513 7.02846 2.3
      vertex -7.24133 7.01193 2.3
    endloop
  endfacet
  facet normal 0.376337 -0.795418 0.475059
    outer loop
      vertex -6.8914 6.51456 1.18
      vertex -6.86479 6.52715 1.18
      vertex -7.28569 6.99095 2.29
    endloop
  endfacet
  facet normal -0.751325 -0.450319 0.482415
    outer loop
      vertex 7.01456 6.3914 1.18
      vertex 7.46573 6.82777 2.29
      vertex 6.99942 6.41666 1.18
    endloop
  endfacet
  facet normal -0.0446822 -0.906277 0.420315
    outer loop
      vertex 6.77939 6.54854 1.18
      vertex 7.099 7.04758 2.29
      vertex 6.74998 6.54999 1.18
    endloop
  endfacet
  facet normal -0.13189 -0.889341 0.437811
    outer loop
      vertex 6.80852 6.54422 1.18
      vertex 7.099 7.04758 2.29
      vertex 6.77939 6.54854 1.18
    endloop
  endfacet
  facet normal 0.889341 0.13189 0.437811
    outer loop
      vertex -7.04422 -6.30852 1.18
      vertex -7.04854 -6.27939 1.18
      vertex -7.54758 -6.599 2.29
    endloop
  endfacet
  facet normal -0.751336 0.450302 0.482413
    outer loop
      vertex 7.46573 -6.82777 2.29
      vertex 7.49095 -6.78569 2.29
      vertex 7.01456 -6.3914 1.18
    endloop
  endfacet
  facet normal -0.514076 0.857745 0
    outer loop
      vertex 7.28569 -6.99095 2.3
      vertex 7.32777 -6.96573 2.29
      vertex 7.28569 -6.99095 2.29
    endloop
  endfacet
  facet normal -0.514076 0.857745 0
    outer loop
      vertex 7.32777 -6.96573 2.29
      vertex 7.28569 -6.99095 2.3
      vertex 7.32777 -6.96573 2.3
    endloop
  endfacet
  facet normal 0.146925 -0.989148 0
    outer loop
      vertex -7.099 7.04758 2.3
      vertex -7.14754 7.04037 2.29
      vertex -7.099 7.04758 2.29
    endloop
  endfacet
  facet normal 0.146925 -0.989148 0
    outer loop
      vertex -7.14754 7.04037 2.29
      vertex -7.099 7.04758 2.3
      vertex -7.14754 7.04037 2.3
    endloop
  endfacet
  facet normal 0.132093 -0.889295 0.437843
    outer loop
      vertex -6.80852 6.54422 1.18
      vertex -7.099 7.04758 2.29
      vertex -7.14754 7.04037 2.29
    endloop
  endfacet
  facet normal -0.889295 0.132093 0.437843
    outer loop
      vertex 7.54037 -6.64754 2.29
      vertex 7.54758 -6.599 2.29
      vertex 7.04422 -6.30852 1.18
    endloop
  endfacet
  facet normal 0.906277 0.0446822 0.420315
    outer loop
      vertex -7.04854 -6.27939 1.18
      vertex -7.04999 -6.24998 1.18
      vertex -7.54758 -6.599 2.29
    endloop
  endfacet
  facet normal -0.906296 0.0445659 0.420287
    outer loop
      vertex 7.54758 -6.599 2.29
      vertex 7.54999 -6.54999 2.29
      vertex 7.04999 -6.24998 1.18
    endloop
  endfacet
  facet normal -0.903995 -0.427543 0
    outer loop
      vertex 7.49095 6.78569 2.3
      vertex 7.51193 6.74133 2.29
      vertex 7.51193 6.74133 2.3
    endloop
  endfacet
  facet normal -0.903995 -0.427543 0
    outer loop
      vertex 7.51193 6.74133 2.29
      vertex 7.49095 6.78569 2.3
      vertex 7.49095 6.78569 2.29
    endloop
  endfacet
  facet normal -0.751336 -0.450302 0.482413
    outer loop
      vertex 7.49095 6.78569 2.29
      vertex 7.46573 6.82777 2.29
      vertex 7.01456 6.3914 1.18
    endloop
  endfacet
  facet normal -0.450319 0.751325 0.482415
    outer loop
      vertex 7.32777 -6.96573 2.29
      vertex 6.91666 -6.49942 1.18
      vertex 6.8914 -6.51456 1.18
    endloop
  endfacet
  facet normal -0.903995 0.427543 0
    outer loop
      vertex 7.51193 -6.74133 2.3
      vertex 7.49095 -6.78569 2.29
      vertex 7.49095 -6.78569 2.3
    endloop
  endfacet
  facet normal -0.903995 0.427543 0
    outer loop
      vertex 7.49095 -6.78569 2.29
      vertex 7.51193 -6.74133 2.3
      vertex 7.51193 -6.74133 2.29
    endloop
  endfacet
  facet normal -0.795418 -0.376337 0.475059
    outer loop
      vertex 7.02715 6.36479 1.18
      vertex 7.49095 6.78569 2.29
      vertex 7.01456 6.3914 1.18
    endloop
  endfacet
  facet normal -0.520231 0.701351 0.487306
    outer loop
      vertex 7.32777 -6.96573 2.29
      vertex 7.36719 -6.93649 2.29
      vertex 6.94031 -6.48189 1.18
    endloop
  endfacet
  facet normal -0.298004 -0.833569 0.465142
    outer loop
      vertex 6.86479 6.52715 1.18
      vertex 7.24133 7.01193 2.29
      vertex 6.83707 6.53706 1.18
    endloop
  endfacet
  facet normal -0.67182 -0.740714 -0
    outer loop
      vertex 7.40353 6.90353 2.3
      vertex 7.36719 6.93649 2.29
      vertex 7.40353 6.90353 2.29
    endloop
  endfacet
  facet normal -0.67182 -0.740714 0
    outer loop
      vertex 7.36719 6.93649 2.29
      vertex 7.40353 6.90353 2.3
      vertex 7.36719 6.93649 2.3
    endloop
  endfacet
  facet normal -0.585736 -0.645802 0.489748
    outer loop
      vertex 7.40353 6.90353 2.29
      vertex 7.36719 6.93649 2.29
      vertex 6.94031 6.48189 1.18
    endloop
  endfacet
  facet normal -0.520231 -0.701351 0.487306
    outer loop
      vertex 7.36719 6.93649 2.29
      vertex 7.32777 6.96573 2.29
      vertex 6.94031 6.48189 1.18
    endloop
  endfacet
  facet normal 0.13189 0.889341 0.437811
    outer loop
      vertex -6.77939 -6.54854 1.18
      vertex -6.80852 -6.54422 1.18
      vertex -7.099 -7.04758 2.29
    endloop
  endfacet
  facet normal 0.298004 -0.833569 0.465142
    outer loop
      vertex -6.86479 6.52715 1.18
      vertex -6.83707 6.53706 1.18
      vertex -7.24133 7.01193 2.29
    endloop
  endfacet
  facet normal 0.833475 0.298211 0.465177
    outer loop
      vertex -7.51193 -6.74133 2.29
      vertex -7.03706 -6.33707 1.18
      vertex -7.52846 -6.69513 2.29
    endloop
  endfacet
  facet normal -0.242775 0.970083 0
    outer loop
      vertex 7.14754 -7.04037 2.3
      vertex 7.19513 -7.02846 2.29
      vertex 7.14754 -7.04037 2.29
    endloop
  endfacet
  facet normal -0.242775 0.970083 0
    outer loop
      vertex 7.19513 -7.02846 2.29
      vertex 7.14754 -7.04037 2.3
      vertex 7.19513 -7.02846 2.3
    endloop
  endfacet
  facet normal -0.86482 -0.216887 0.452821
    outer loop
      vertex 7.04422 6.30852 1.18
      vertex 7.52846 6.69513 2.29
      vertex 7.03706 6.33707 1.18
    endloop
  endfacet
  facet normal 0.336879 0.941548 0
    outer loop
      vertex -7.24133 -7.01193 2.3
      vertex -7.19513 -7.02846 2.29
      vertex -7.24133 -7.01193 2.29
    endloop
  endfacet
  facet normal 0.336879 0.941548 -0
    outer loop
      vertex -7.19513 -7.02846 2.29
      vertex -7.24133 -7.01193 2.3
      vertex -7.19513 -7.02846 2.3
    endloop
  endfacet
  facet normal 0.146925 0.989148 0
    outer loop
      vertex -7.14754 -7.04037 2.3
      vertex -7.099 -7.04758 2.29
      vertex -7.14754 -7.04037 2.29
    endloop
  endfacet
  facet normal 0.146925 0.989148 -0
    outer loop
      vertex -7.099 -7.04758 2.29
      vertex -7.14754 -7.04037 2.3
      vertex -7.099 -7.04758 2.3
    endloop
  endfacet
  facet normal -0.740714 0.67182 0
    outer loop
      vertex 7.43649 -6.86719 2.3
      vertex 7.40353 -6.90353 2.29
      vertex 7.40353 -6.90353 2.3
    endloop
  endfacet
  facet normal -0.740714 0.67182 0
    outer loop
      vertex 7.40353 -6.90353 2.29
      vertex 7.43649 -6.86719 2.3
      vertex 7.43649 -6.86719 2.29
    endloop
  endfacet
  facet normal -0.216469 0.864967 0.452739
    outer loop
      vertex 7.14754 -7.04037 2.29
      vertex 7.19513 -7.02846 2.29
      vertex 6.80852 -6.54422 1.18
    endloop
  endfacet
  facet normal -0.989148 0.146925 0
    outer loop
      vertex 7.54758 -6.599 2.3
      vertex 7.54037 -6.64754 2.29
      vertex 7.54037 -6.64754 2.3
    endloop
  endfacet
  facet normal -0.989148 0.146925 0
    outer loop
      vertex 7.54037 -6.64754 2.29
      vertex 7.54758 -6.599 2.3
      vertex 7.54758 -6.599 2.29
    endloop
  endfacet
  facet normal -0.989148 -0.146925 0
    outer loop
      vertex 7.54037 6.64754 2.3
      vertex 7.54758 6.599 2.29
      vertex 7.54758 6.599 2.3
    endloop
  endfacet
  facet normal -0.989148 -0.146925 0
    outer loop
      vertex 7.54758 6.599 2.29
      vertex 7.54037 6.64754 2.3
      vertex 7.54037 6.64754 2.29
    endloop
  endfacet
  facet normal -0.833569 0.298004 0.465142
    outer loop
      vertex 7.51193 -6.74133 2.29
      vertex 7.03706 -6.33707 1.18
      vertex 7.02715 -6.36479 1.18
    endloop
  endfacet
  facet normal -0.833475 0.298211 0.465177
    outer loop
      vertex 7.51193 -6.74133 2.29
      vertex 7.52846 -6.69513 2.29
      vertex 7.03706 -6.33707 1.18
    endloop
  endfacet
  facet normal 0 0 1
    outer loop
      vertex 1.35 0.5 1.18
      vertex -1.35 2.4 1.18
      vertex -1.35 0.5 1.18
    endloop
  endfacet
  facet normal 0 0 1
    outer loop
      vertex 1.35 -0.5 1.18
      vertex -1.35 -0.5 1.18
      vertex 1.35 -2.4 1.18
    endloop
  endfacet
  facet normal 0 0 1
    outer loop
      vertex 6.74998 6.54999 1.18
      vertex 7.04999 6.24998 1.18
      vertex 7.04854 6.27939 1.18
    endloop
  endfacet
  facet normal 0 0 1
    outer loop
      vertex 7.04999 6.24998 1.18
      vertex 4.35 2.4 1.18
      vertex 7.04999 -6.24998 1.18
    endloop
  endfacet
  facet normal 0 0 1
    outer loop
      vertex 6.74998 6.54999 1.18
      vertex 7.04854 6.27939 1.18
      vertex 7.04422 6.30852 1.18
    endloop
  endfacet
  facet normal -0 0 1
    outer loop
      vertex 4.35 -2.4 1.18
      vertex 7.04999 -6.24998 1.18
      vertex 4.35 2.4 1.18
    endloop
  endfacet
  facet normal 0 0 1
    outer loop
      vertex 6.74998 6.54999 1.18
      vertex 7.04422 6.30852 1.18
      vertex 7.03706 6.33707 1.18
    endloop
  endfacet
  facet normal 0 -0 1
    outer loop
      vertex 6.74998 -6.54999 1.18
      vertex 7.04999 -6.24998 1.18
      vertex 4.35 -2.4 1.18
    endloop
  endfacet
  facet normal 0 0 1
    outer loop
      vertex 6.74998 6.54999 1.18
      vertex 7.03706 6.33707 1.18
      vertex 7.02715 6.36479 1.18
    endloop
  endfacet
  facet normal 0 0 1
    outer loop
      vertex 7.04999 -6.24998 1.18
      vertex 6.74998 -6.54999 1.18
      vertex 7.04854 -6.27939 1.18
    endloop
  endfacet
  facet normal 0 0 1
    outer loop
      vertex 6.74998 6.54999 1.18
      vertex 7.02715 6.36479 1.18
      vertex 7.01456 6.3914 1.18
    endloop
  endfacet
  facet normal 0 0 1
    outer loop
      vertex 7.04854 -6.27939 1.18
      vertex 6.74998 -6.54999 1.18
      vertex 7.04422 -6.30852 1.18
    endloop
  endfacet
  facet normal 0 0 1
    outer loop
      vertex 6.74998 6.54999 1.18
      vertex 7.01456 6.3914 1.18
      vertex 6.99942 6.41666 1.18
    endloop
  endfacet
  facet normal 0 0 1
    outer loop
      vertex 7.04422 -6.30852 1.18
      vertex 6.74998 -6.54999 1.18
      vertex 7.03706 -6.33707 1.18
    endloop
  endfacet
  facet normal 0 0 1
    outer loop
      vertex 6.74998 6.54999 1.18
      vertex 6.99942 6.41666 1.18
      vertex 6.98189 6.44031 1.18
    endloop
  endfacet
  facet normal 0 0 1
    outer loop
      vertex 7.03706 -6.33707 1.18
      vertex 6.74998 -6.54999 1.18
      vertex 7.02715 -6.36479 1.18
    endloop
  endfacet
  facet normal 0 0 1
    outer loop
      vertex 6.74998 6.54999 1.18
      vertex 6.98189 6.44031 1.18
      vertex 6.96211 6.46211 1.18
    endloop
  endfacet
  facet normal 0 0 1
    outer loop
      vertex 7.02715 -6.36479 1.18
      vertex 6.74998 -6.54999 1.18
      vertex 7.01456 -6.3914 1.18
    endloop
  endfacet
  facet normal 0 0 1
    outer loop
      vertex 6.74998 6.54999 1.18
      vertex 6.96211 6.46211 1.18
      vertex 6.94031 6.48189 1.18
    endloop
  endfacet
  facet normal 0 0 1
    outer loop
      vertex 7.01456 -6.3914 1.18
      vertex 6.74998 -6.54999 1.18
      vertex 6.99942 -6.41666 1.18
    endloop
  endfacet
  facet normal 0 0 1
    outer loop
      vertex 6.74998 6.54999 1.18
      vertex 6.94031 6.48189 1.18
      vertex 6.91666 6.49942 1.18
    endloop
  endfacet
  facet normal 0 0 1
    outer loop
      vertex 6.99942 -6.41666 1.18
      vertex 6.74998 -6.54999 1.18
      vertex 6.98189 -6.44031 1.18
    endloop
  endfacet
  facet normal 0 0 1
    outer loop
      vertex 6.74998 6.54999 1.18
      vertex 6.91666 6.49942 1.18
      vertex 6.8914 6.51456 1.18
    endloop
  endfacet
  facet normal 0 0 1
    outer loop
      vertex 6.98189 -6.44031 1.18
      vertex 6.74998 -6.54999 1.18
      vertex 6.96211 -6.46211 1.18
    endloop
  endfacet
  facet normal 0 0 1
    outer loop
      vertex 6.74998 6.54999 1.18
      vertex 6.8914 6.51456 1.18
      vertex 6.86479 6.52715 1.18
    endloop
  endfacet
  facet normal 0 0 1
    outer loop
      vertex 6.96211 -6.46211 1.18
      vertex 6.74998 -6.54999 1.18
      vertex 6.94031 -6.48189 1.18
    endloop
  endfacet
  facet normal 0 0 1
    outer loop
      vertex 6.74998 6.54999 1.18
      vertex 6.86479 6.52715 1.18
      vertex 6.83707 6.53706 1.18
    endloop
  endfacet
  facet normal 0 0 1
    outer loop
      vertex 6.94031 -6.48189 1.18
      vertex 6.74998 -6.54999 1.18
      vertex 6.91666 -6.49942 1.18
    endloop
  endfacet
  facet normal 0 0 1
    outer loop
      vertex 6.74998 6.54999 1.18
      vertex 6.83707 6.53706 1.18
      vertex 6.80852 6.54422 1.18
    endloop
  endfacet
  facet normal 0 0 1
    outer loop
      vertex 6.91666 -6.49942 1.18
      vertex 6.74998 -6.54999 1.18
      vertex 6.8914 -6.51456 1.18
    endloop
  endfacet
  facet normal 0 0 1
    outer loop
      vertex 6.74998 6.54999 1.18
      vertex 6.80852 6.54422 1.18
      vertex 6.77939 6.54854 1.18
    endloop
  endfacet
  facet normal 0 0 1
    outer loop
      vertex 6.8914 -6.51456 1.18
      vertex 6.74998 -6.54999 1.18
      vertex 6.86479 -6.52715 1.18
    endloop
  endfacet
  facet normal 0 0 1
    outer loop
      vertex 7.04999 6.24998 1.18
      vertex 6.74998 6.54999 1.18
      vertex 4.35 2.4 1.18
    endloop
  endfacet
  facet normal 0 0 1
    outer loop
      vertex 6.86479 -6.52715 1.18
      vertex 6.74998 -6.54999 1.18
      vertex 6.83707 -6.53706 1.18
    endloop
  endfacet
  facet normal 0 0 1
    outer loop
      vertex 6.83707 -6.53706 1.18
      vertex 6.74998 -6.54999 1.18
      vertex 6.80852 -6.54422 1.18
    endloop
  endfacet
  facet normal 0 0 1
    outer loop
      vertex 6.74998 6.54999 1.18
      vertex 1.35 2.4 1.18
      vertex 4.35 2.4 1.18
    endloop
  endfacet
  facet normal 0 0 1
    outer loop
      vertex 1.35 2.4 1.18
      vertex -1.35 2.4 1.18
      vertex 1.35 0.5 1.18
    endloop
  endfacet
  facet normal 0 0 1
    outer loop
      vertex 6.74998 6.54999 1.18
      vertex -1.35 2.4 1.18
      vertex 1.35 2.4 1.18
    endloop
  endfacet
  facet normal -0 0 1
    outer loop
      vertex -6.74998 6.54999 1.18
      vertex -1.35 2.4 1.18
      vertex 6.74998 6.54999 1.18
    endloop
  endfacet
  facet normal -0 0 1
    outer loop
      vertex -7.04999 6.24998 1.18
      vertex -4.35 2.4 1.18
      vertex -6.74998 6.54999 1.18
    endloop
  endfacet
  facet normal 0 0 1
    outer loop
      vertex -1.35 2.4 1.18
      vertex -6.74998 6.54999 1.18
      vertex -4.35 2.4 1.18
    endloop
  endfacet
  facet normal 0 0 1
    outer loop
      vertex 6.80852 -6.54422 1.18
      vertex 6.74998 -6.54999 1.18
      vertex 6.77939 -6.54854 1.18
    endloop
  endfacet
  facet normal -0 0 1
    outer loop
      vertex 1.35 -2.4 1.18
      vertex 6.74998 -6.54999 1.18
      vertex 4.35 -2.4 1.18
    endloop
  endfacet
  facet normal 0 0 1
    outer loop
      vertex -1.35 -2.4 1.18
      vertex 1.35 -2.4 1.18
      vertex -1.35 -0.5 1.18
    endloop
  endfacet
  facet normal 0 0 1
    outer loop
      vertex 1.35 -2.4 1.18
      vertex -1.35 -2.4 1.18
      vertex 6.74998 -6.54999 1.18
    endloop
  endfacet
  facet normal 0 0 1
    outer loop
      vertex -6.74998 -6.54999 1.18
      vertex -1.35 -2.4 1.18
      vertex -4.35 -2.4 1.18
    endloop
  endfacet
  facet normal 0 0 1
    outer loop
      vertex -1.35 -2.4 1.18
      vertex -6.74998 -6.54999 1.18
      vertex 6.74998 -6.54999 1.18
    endloop
  endfacet
  facet normal 0 0 1
    outer loop
      vertex -4.35 2.4 1.18
      vertex -7.04999 6.24998 1.18
      vertex -4.35 -2.4 1.18
    endloop
  endfacet
  facet normal 0 0 1
    outer loop
      vertex -7.04999 6.24998 1.18
      vertex -6.74998 6.54999 1.18
      vertex -6.77939 6.54854 1.18
    endloop
  endfacet
  facet normal 0 0 1
    outer loop
      vertex -7.04999 -6.24998 1.18
      vertex -4.35 -2.4 1.18
      vertex -7.04999 6.24998 1.18
    endloop
  endfacet
  facet normal 0 0 1
    outer loop
      vertex -7.04999 6.24998 1.18
      vertex -6.77939 6.54854 1.18
      vertex -6.80852 6.54422 1.18
    endloop
  endfacet
  facet normal 0 0 1
    outer loop
      vertex -4.35 -2.4 1.18
      vertex -7.04999 -6.24998 1.18
      vertex -6.74998 -6.54999 1.18
    endloop
  endfacet
  facet normal 0 0 1
    outer loop
      vertex -7.04999 6.24998 1.18
      vertex -6.80852 6.54422 1.18
      vertex -6.83707 6.53706 1.18
    endloop
  endfacet
  facet normal 0 0 1
    outer loop
      vertex -6.74998 -6.54999 1.18
      vertex -7.04999 -6.24998 1.18
      vertex -6.77939 -6.54854 1.18
    endloop
  endfacet
  facet normal 0 0 1
    outer loop
      vertex -7.04999 6.24998 1.18
      vertex -6.83707 6.53706 1.18
      vertex -6.86479 6.52715 1.18
    endloop
  endfacet
  facet normal 0 0 1
    outer loop
      vertex -6.77939 -6.54854 1.18
      vertex -7.04999 -6.24998 1.18
      vertex -6.80852 -6.54422 1.18
    endloop
  endfacet
  facet normal 0 0 1
    outer loop
      vertex -7.04999 6.24998 1.18
      vertex -6.86479 6.52715 1.18
      vertex -6.8914 6.51456 1.18
    endloop
  endfacet
  facet normal 0 0 1
    outer loop
      vertex -6.80852 -6.54422 1.18
      vertex -7.04999 -6.24998 1.18
      vertex -6.83707 -6.53706 1.18
    endloop
  endfacet
  facet normal 0 0 1
    outer loop
      vertex -7.04999 6.24998 1.18
      vertex -6.8914 6.51456 1.18
      vertex -6.91666 6.49942 1.18
    endloop
  endfacet
  facet normal 0 0 1
    outer loop
      vertex -6.83707 -6.53706 1.18
      vertex -7.04999 -6.24998 1.18
      vertex -6.86479 -6.52715 1.18
    endloop
  endfacet
  facet normal 0 0 1
    outer loop
      vertex -7.04999 6.24998 1.18
      vertex -6.91666 6.49942 1.18
      vertex -6.94031 6.48189 1.18
    endloop
  endfacet
  facet normal 0 0 1
    outer loop
      vertex -6.86479 -6.52715 1.18
      vertex -7.04999 -6.24998 1.18
      vertex -6.8914 -6.51456 1.18
    endloop
  endfacet
  facet normal 0 0 1
    outer loop
      vertex -7.04999 6.24998 1.18
      vertex -6.94031 6.48189 1.18
      vertex -6.96211 6.46211 1.18
    endloop
  endfacet
  facet normal 0 0 1
    outer loop
      vertex -6.8914 -6.51456 1.18
      vertex -7.04999 -6.24998 1.18
      vertex -6.91666 -6.49942 1.18
    endloop
  endfacet
  facet normal 0 0 1
    outer loop
      vertex -7.04999 6.24998 1.18
      vertex -6.96211 6.46211 1.18
      vertex -6.98189 6.44031 1.18
    endloop
  endfacet
  facet normal 0 0 1
    outer loop
      vertex -6.91666 -6.49942 1.18
      vertex -7.04999 -6.24998 1.18
      vertex -6.94031 -6.48189 1.18
    endloop
  endfacet
  facet normal 0 0 1
    outer loop
      vertex -7.04999 6.24998 1.18
      vertex -6.98189 6.44031 1.18
      vertex -6.99942 6.41666 1.18
    endloop
  endfacet
  facet normal 0 0 1
    outer loop
      vertex -6.94031 -6.48189 1.18
      vertex -7.04999 -6.24998 1.18
      vertex -6.96211 -6.46211 1.18
    endloop
  endfacet
  facet normal 0 0 1
    outer loop
      vertex -7.04999 6.24998 1.18
      vertex -6.99942 6.41666 1.18
      vertex -7.01456 6.3914 1.18
    endloop
  endfacet
  facet normal 0 0 1
    outer loop
      vertex -6.96211 -6.46211 1.18
      vertex -7.04999 -6.24998 1.18
      vertex -6.98189 -6.44031 1.18
    endloop
  endfacet
  facet normal 0 0 1
    outer loop
      vertex -7.04999 6.24998 1.18
      vertex -7.01456 6.3914 1.18
      vertex -7.02715 6.36479 1.18
    endloop
  endfacet
  facet normal 0 0 1
    outer loop
      vertex -6.98189 -6.44031 1.18
      vertex -7.04999 -6.24998 1.18
      vertex -6.99942 -6.41666 1.18
    endloop
  endfacet
  facet normal 0 0 1
    outer loop
      vertex -7.04999 6.24998 1.18
      vertex -7.02715 6.36479 1.18
      vertex -7.03706 6.33707 1.18
    endloop
  endfacet
  facet normal 0 0 1
    outer loop
      vertex -6.99942 -6.41666 1.18
      vertex -7.04999 -6.24998 1.18
      vertex -7.01456 -6.3914 1.18
    endloop
  endfacet
  facet normal 0 0 1
    outer loop
      vertex -7.04999 6.24998 1.18
      vertex -7.03706 6.33707 1.18
      vertex -7.04422 6.30852 1.18
    endloop
  endfacet
  facet normal 0 0 1
    outer loop
      vertex -7.01456 -6.3914 1.18
      vertex -7.04999 -6.24998 1.18
      vertex -7.02715 -6.36479 1.18
    endloop
  endfacet
  facet normal 0 0 1
    outer loop
      vertex -7.04999 6.24998 1.18
      vertex -7.04422 6.30852 1.18
      vertex -7.04854 6.27939 1.18
    endloop
  endfacet
  facet normal 0 0 1
    outer loop
      vertex -7.02715 -6.36479 1.18
      vertex -7.04999 -6.24998 1.18
      vertex -7.03706 -6.33707 1.18
    endloop
  endfacet
  facet normal 0 0 1
    outer loop
      vertex -7.03706 -6.33707 1.18
      vertex -7.04999 -6.24998 1.18
      vertex -7.04422 -6.30852 1.18
    endloop
  endfacet
  facet normal 0 0 1
    outer loop
      vertex -7.04422 -6.30852 1.18
      vertex -7.04999 -6.24998 1.18
      vertex -7.04854 -6.27939 1.18
    endloop
  endfacet
  facet normal -0 0 1
    outer loop
      vertex -3.6 1.65 1.18
      vertex -2.1 -1.65 1.18
      vertex -2.1 1.65 1.18
    endloop
  endfacet
  facet normal 0 0 1
    outer loop
      vertex -2.1 -1.65 1.18
      vertex -3.6 1.65 1.18
      vertex -3.6 -1.65 1.18
    endloop
  endfacet
  facet normal -0 0 1
    outer loop
      vertex 2.1 1.65 1.18
      vertex 3.6 -1.65 1.18
      vertex 3.6 1.65 1.18
    endloop
  endfacet
  facet normal 0 0 1
    outer loop
      vertex 3.6 -1.65 1.18
      vertex 2.1 1.65 1.18
      vertex 2.1 -1.65 1.18
    endloop
  endfacet
  facet normal 0.989148 -0.146925 0
    outer loop
      vertex -7.54037 6.64754 2.29
      vertex -7.54758 6.599 2.3
      vertex -7.54758 6.599 2.29
    endloop
  endfacet
  facet normal 0.989148 -0.146925 0
    outer loop
      vertex -7.54758 6.599 2.3
      vertex -7.54037 6.64754 2.29
      vertex -7.54037 6.64754 2.3
    endloop
  endfacet
  facet normal -0.132093 0.889295 0.437843
    outer loop
      vertex 7.099 -7.04758 2.29
      vertex 7.14754 -7.04037 2.29
      vertex 6.80852 -6.54422 1.18
    endloop
  endfacet
  facet normal 0.585857 0.645687 0.489755
    outer loop
      vertex -6.94031 -6.48189 1.18
      vertex -6.96211 -6.46211 1.18
      vertex -7.40353 -6.90353 2.29
    endloop
  endfacet
  facet normal -0.906277 0.0446822 0.420315
    outer loop
      vertex 7.54758 -6.599 2.29
      vertex 7.04999 -6.24998 1.18
      vertex 7.04854 -6.27939 1.18
    endloop
  endfacet
  facet normal -0.833475 -0.298211 0.465177
    outer loop
      vertex 7.52846 6.69513 2.29
      vertex 7.51193 6.74133 2.29
      vertex 7.03706 6.33707 1.18
    endloop
  endfacet
  facet normal 0.751325 -0.450319 0.482415
    outer loop
      vertex -7.01456 6.3914 1.18
      vertex -6.99942 6.41666 1.18
      vertex -7.46573 6.82777 2.29
    endloop
  endfacet
  facet normal 0.242775 0.970083 0
    outer loop
      vertex -7.19513 -7.02846 2.3
      vertex -7.14754 -7.04037 2.29
      vertex -7.19513 -7.02846 2.29
    endloop
  endfacet
  facet normal 0.242775 0.970083 -0
    outer loop
      vertex -7.14754 -7.04037 2.29
      vertex -7.19513 -7.02846 2.3
      vertex -7.14754 -7.04037 2.3
    endloop
  endfacet
  facet normal 0.833569 0.298004 0.465142
    outer loop
      vertex -7.02715 -6.36479 1.18
      vertex -7.03706 -6.33707 1.18
      vertex -7.51193 -6.74133 2.29
    endloop
  endfacet
  facet normal 0.645687 0.585857 0.489755
    outer loop
      vertex -6.96211 -6.46211 1.18
      vertex -6.98189 -6.44031 1.18
      vertex -7.40353 -6.90353 2.29
    endloop
  endfacet
  facet normal 0.595754 0.803167 0
    outer loop
      vertex -7.36719 -6.93649 2.3
      vertex -7.32777 -6.96573 2.29
      vertex -7.36719 -6.93649 2.29
    endloop
  endfacet
  facet normal 0.595754 0.803167 -0
    outer loop
      vertex -7.32777 -6.96573 2.29
      vertex -7.36719 -6.93649 2.3
      vertex -7.32777 -6.96573 2.3
    endloop
  endfacet
  facet normal 0.701351 0.520231 0.487306
    outer loop
      vertex -7.43649 -6.86719 2.29
      vertex -6.98189 -6.44031 1.18
      vertex -7.46573 -6.82777 2.29
    endloop
  endfacet
  facet normal 0.585736 -0.645802 0.489748
    outer loop
      vertex -6.94031 6.48189 1.18
      vertex -7.36719 6.93649 2.29
      vertex -7.40353 6.90353 2.29
    endloop
  endfacet
  facet normal 0.520231 -0.701351 0.487306
    outer loop
      vertex -6.94031 6.48189 1.18
      vertex -7.32777 6.96573 2.29
      vertex -7.36719 6.93649 2.29
    endloop
  endfacet
  facet normal -0.376222 0.795482 0.475042
    outer loop
      vertex 7.24133 -7.01193 2.29
      vertex 7.28569 -6.99095 2.29
      vertex 6.86479 -6.52715 1.18
    endloop
  endfacet
  facet normal 0.645802 0.585736 0.489748
    outer loop
      vertex -7.40353 -6.90353 2.29
      vertex -6.98189 -6.44031 1.18
      vertex -7.43649 -6.86719 2.29
    endloop
  endfacet
  facet normal 0.803167 -0.595754 0
    outer loop
      vertex -7.43649 6.86719 2.29
      vertex -7.46573 6.82777 2.3
      vertex -7.46573 6.82777 2.29
    endloop
  endfacet
  facet normal 0.803167 -0.595754 0
    outer loop
      vertex -7.46573 6.82777 2.3
      vertex -7.43649 6.86719 2.29
      vertex -7.43649 6.86719 2.3
    endloop
  endfacet
  facet normal 0.701351 -0.520231 0.487306
    outer loop
      vertex -6.98189 6.44031 1.18
      vertex -7.43649 6.86719 2.29
      vertex -7.46573 6.82777 2.29
    endloop
  endfacet
  facet normal 0.216887 0.86482 0.452821
    outer loop
      vertex -6.80852 -6.54422 1.18
      vertex -6.83707 -6.53706 1.18
      vertex -7.19513 -7.02846 2.29
    endloop
  endfacet
  facet normal 0.450319 -0.751325 0.482415
    outer loop
      vertex -6.91666 6.49942 1.18
      vertex -6.8914 6.51456 1.18
      vertex -7.32777 6.96573 2.29
    endloop
  endfacet
  facet normal 0.298004 0.833569 0.465142
    outer loop
      vertex -6.83707 -6.53706 1.18
      vertex -6.86479 -6.52715 1.18
      vertex -7.24133 -7.01193 2.29
    endloop
  endfacet
  facet normal 0.427543 0.903995 0
    outer loop
      vertex -7.28569 -6.99095 2.3
      vertex -7.24133 -7.01193 2.29
      vertex -7.28569 -6.99095 2.29
    endloop
  endfacet
  facet normal 0.427543 0.903995 -0
    outer loop
      vertex -7.24133 -7.01193 2.29
      vertex -7.28569 -6.99095 2.3
      vertex -7.24133 -7.01193 2.3
    endloop
  endfacet
  facet normal -0.70153 0.519993 0.487302
    outer loop
      vertex 7.46573 -6.82777 2.29
      vertex 6.99942 -6.41666 1.18
      vertex 6.98189 -6.44031 1.18
    endloop
  endfacet
  facet normal -0.864967 -0.216469 0.452739
    outer loop
      vertex 7.54037 6.64754 2.29
      vertex 7.52846 6.69513 2.29
      vertex 7.04422 6.30852 1.18
    endloop
  endfacet
  facet normal -0.833569 -0.298004 0.465142
    outer loop
      vertex 7.03706 6.33707 1.18
      vertex 7.51193 6.74133 2.29
      vertex 7.02715 6.36479 1.18
    endloop
  endfacet
  facet normal 0.0491143 -0.998793 0
    outer loop
      vertex -7.04999 7.04999 2.3
      vertex -7.099 7.04758 2.29
      vertex -7.04999 7.04999 2.29
    endloop
  endfacet
  facet normal 0.0491143 -0.998793 0
    outer loop
      vertex -7.099 7.04758 2.29
      vertex -7.04999 7.04999 2.3
      vertex -7.099 7.04758 2.3
    endloop
  endfacet
  facet normal 0 0 -1
    outer loop
      vertex 7.04999 -7.04999 2.3
      vertex 7.54999 -6.54999 2.3
      vertex 7.54758 -6.599 2.3
    endloop
  endfacet
  facet normal -0 0 -1
    outer loop
      vertex 7.54999 -6.54999 2.3
      vertex 7.04999 -7.04999 2.3
      vertex 7.54999 6.54999 2.3
    endloop
  endfacet
  facet normal 0 0 -1
    outer loop
      vertex 7.04999 -7.04999 2.3
      vertex 7.54758 -6.599 2.3
      vertex 7.54037 -6.64754 2.3
    endloop
  endfacet
  facet normal 0 0 -1
    outer loop
      vertex 7.04999 7.04999 2.3
      vertex 7.54999 6.54999 2.3
      vertex 7.04999 -7.04999 2.3
    endloop
  endfacet
  facet normal 0 0 -1
    outer loop
      vertex 7.04999 -7.04999 2.3
      vertex 7.54037 -6.64754 2.3
      vertex 7.52846 -6.69513 2.3
    endloop
  endfacet
  facet normal 0 0 -1
    outer loop
      vertex 7.54999 6.54999 2.3
      vertex 7.04999 7.04999 2.3
      vertex 7.54758 6.599 2.3
    endloop
  endfacet
  facet normal 0 0 -1
    outer loop
      vertex 7.04999 -7.04999 2.3
      vertex 7.52846 -6.69513 2.3
      vertex 7.51193 -6.74133 2.3
    endloop
  endfacet
  facet normal 0 0 -1
    outer loop
      vertex 7.54758 6.599 2.3
      vertex 7.04999 7.04999 2.3
      vertex 7.54037 6.64754 2.3
    endloop
  endfacet
  facet normal 0 0 -1
    outer loop
      vertex 7.04999 -7.04999 2.3
      vertex 7.51193 -6.74133 2.3
      vertex 7.49095 -6.78569 2.3
    endloop
  endfacet
  facet normal 0 0 -1
    outer loop
      vertex 7.54037 6.64754 2.3
      vertex 7.04999 7.04999 2.3
      vertex 7.52846 6.69513 2.3
    endloop
  endfacet
  facet normal 0 0 -1
    outer loop
      vertex 7.04999 -7.04999 2.3
      vertex 7.49095 -6.78569 2.3
      vertex 7.46573 -6.82777 2.3
    endloop
  endfacet
  facet normal 0 0 -1
    outer loop
      vertex 7.52846 6.69513 2.3
      vertex 7.04999 7.04999 2.3
      vertex 7.51193 6.74133 2.3
    endloop
  endfacet
  facet normal 0 0 -1
    outer loop
      vertex 7.04999 -7.04999 2.3
      vertex 7.46573 -6.82777 2.3
      vertex 7.43649 -6.86719 2.3
    endloop
  endfacet
  facet normal 0 0 -1
    outer loop
      vertex 7.51193 6.74133 2.3
      vertex 7.04999 7.04999 2.3
      vertex 7.49095 6.78569 2.3
    endloop
  endfacet
  facet normal 0 0 -1
    outer loop
      vertex 7.04999 -7.04999 2.3
      vertex 7.43649 -6.86719 2.3
      vertex 7.40353 -6.90353 2.3
    endloop
  endfacet
  facet normal 0 0 -1
    outer loop
      vertex 7.49095 6.78569 2.3
      vertex 7.04999 7.04999 2.3
      vertex 7.46573 6.82777 2.3
    endloop
  endfacet
  facet normal 0 0 -1
    outer loop
      vertex 7.04999 -7.04999 2.3
      vertex 7.40353 -6.90353 2.3
      vertex 7.36719 -6.93649 2.3
    endloop
  endfacet
  facet normal 0 0 -1
    outer loop
      vertex 7.46573 6.82777 2.3
      vertex 7.04999 7.04999 2.3
      vertex 7.43649 6.86719 2.3
    endloop
  endfacet
  facet normal 0 0 -1
    outer loop
      vertex 7.04999 -7.04999 2.3
      vertex 7.36719 -6.93649 2.3
      vertex 7.32777 -6.96573 2.3
    endloop
  endfacet
  facet normal 0 0 -1
    outer loop
      vertex 7.43649 6.86719 2.3
      vertex 7.04999 7.04999 2.3
      vertex 7.40353 6.90353 2.3
    endloop
  endfacet
  facet normal 0 0 -1
    outer loop
      vertex 7.04999 -7.04999 2.3
      vertex 7.32777 -6.96573 2.3
      vertex 7.28569 -6.99095 2.3
    endloop
  endfacet
  facet normal 0 0 -1
    outer loop
      vertex 7.40353 6.90353 2.3
      vertex 7.04999 7.04999 2.3
      vertex 7.36719 6.93649 2.3
    endloop
  endfacet
  facet normal 0 0 -1
    outer loop
      vertex 7.04999 -7.04999 2.3
      vertex 7.28569 -6.99095 2.3
      vertex 7.24133 -7.01193 2.3
    endloop
  endfacet
  facet normal 0 0 -1
    outer loop
      vertex 7.36719 6.93649 2.3
      vertex 7.04999 7.04999 2.3
      vertex 7.32777 6.96573 2.3
    endloop
  endfacet
  facet normal 0 0 -1
    outer loop
      vertex 7.04999 -7.04999 2.3
      vertex 7.24133 -7.01193 2.3
      vertex 7.19513 -7.02846 2.3
    endloop
  endfacet
  facet normal 0 0 -1
    outer loop
      vertex 7.32777 6.96573 2.3
      vertex 7.04999 7.04999 2.3
      vertex 7.28569 6.99095 2.3
    endloop
  endfacet
  facet normal 0 0 -1
    outer loop
      vertex 7.04999 -7.04999 2.3
      vertex 7.19513 -7.02846 2.3
      vertex 7.14754 -7.04037 2.3
    endloop
  endfacet
  facet normal 0 0 -1
    outer loop
      vertex 7.28569 6.99095 2.3
      vertex 7.04999 7.04999 2.3
      vertex 7.24133 7.01193 2.3
    endloop
  endfacet
  facet normal 0 0 -1
    outer loop
      vertex 7.04999 -7.04999 2.3
      vertex 7.14754 -7.04037 2.3
      vertex 7.099 -7.04758 2.3
    endloop
  endfacet
  facet normal 0 0 -1
    outer loop
      vertex 7.24133 7.01193 2.3
      vertex 7.04999 7.04999 2.3
      vertex 7.19513 7.02846 2.3
    endloop
  endfacet
  facet normal 0 0 -1
    outer loop
      vertex 7.19513 7.02846 2.3
      vertex 7.04999 7.04999 2.3
      vertex 7.14754 7.04037 2.3
    endloop
  endfacet
  facet normal 0 0 -1
    outer loop
      vertex 7.14754 7.04037 2.3
      vertex 7.04999 7.04999 2.3
      vertex 7.099 7.04758 2.3
    endloop
  endfacet
  facet normal 0 0 -1
    outer loop
      vertex -7.04999 -7.04999 2.3
      vertex 7.04999 7.04999 2.3
      vertex 7.04999 -7.04999 2.3
    endloop
  endfacet
  facet normal 0 0 -1
    outer loop
      vertex -7.04999 -7.04999 2.3
      vertex -7.04999 7.04999 2.3
      vertex 7.04999 7.04999 2.3
    endloop
  endfacet
  facet normal 0 0 -1
    outer loop
      vertex -7.54999 -6.54999 2.3
      vertex -7.04999 -7.04999 2.3
      vertex -7.099 -7.04758 2.3
    endloop
  endfacet
  facet normal 0 0 -1
    outer loop
      vertex -7.04999 -7.04999 2.3
      vertex -7.54999 -6.54999 2.3
      vertex -7.04999 7.04999 2.3
    endloop
  endfacet
  facet normal 0 0 -1
    outer loop
      vertex -7.54999 -6.54999 2.3
      vertex -7.099 -7.04758 2.3
      vertex -7.14754 -7.04037 2.3
    endloop
  endfacet
  facet normal 0 0 -1
    outer loop
      vertex -7.54999 6.54999 2.3
      vertex -7.04999 7.04999 2.3
      vertex -7.54999 -6.54999 2.3
    endloop
  endfacet
  facet normal 0 0 -1
    outer loop
      vertex -7.54999 -6.54999 2.3
      vertex -7.14754 -7.04037 2.3
      vertex -7.19513 -7.02846 2.3
    endloop
  endfacet
  facet normal 0 0 -1
    outer loop
      vertex -7.04999 7.04999 2.3
      vertex -7.54999 6.54999 2.3
      vertex -7.099 7.04758 2.3
    endloop
  endfacet
  facet normal 0 0 -1
    outer loop
      vertex -7.54999 -6.54999 2.3
      vertex -7.19513 -7.02846 2.3
      vertex -7.24133 -7.01193 2.3
    endloop
  endfacet
  facet normal 0 0 -1
    outer loop
      vertex -7.099 7.04758 2.3
      vertex -7.54999 6.54999 2.3
      vertex -7.14754 7.04037 2.3
    endloop
  endfacet
  facet normal 0 0 -1
    outer loop
      vertex -7.54999 -6.54999 2.3
      vertex -7.24133 -7.01193 2.3
      vertex -7.28569 -6.99095 2.3
    endloop
  endfacet
  facet normal 0 0 -1
    outer loop
      vertex -7.14754 7.04037 2.3
      vertex -7.54999 6.54999 2.3
      vertex -7.19513 7.02846 2.3
    endloop
  endfacet
  facet normal 0 0 -1
    outer loop
      vertex -7.54999 -6.54999 2.3
      vertex -7.28569 -6.99095 2.3
      vertex -7.32777 -6.96573 2.3
    endloop
  endfacet
  facet normal 0 0 -1
    outer loop
      vertex -7.19513 7.02846 2.3
      vertex -7.54999 6.54999 2.3
      vertex -7.24133 7.01193 2.3
    endloop
  endfacet
  facet normal 0 0 -1
    outer loop
      vertex -7.54999 -6.54999 2.3
      vertex -7.32777 -6.96573 2.3
      vertex -7.36719 -6.93649 2.3
    endloop
  endfacet
  facet normal 0 0 -1
    outer loop
      vertex -7.24133 7.01193 2.3
      vertex -7.54999 6.54999 2.3
      vertex -7.28569 6.99095 2.3
    endloop
  endfacet
  facet normal 0 0 -1
    outer loop
      vertex -7.54999 -6.54999 2.3
      vertex -7.36719 -6.93649 2.3
      vertex -7.40353 -6.90353 2.3
    endloop
  endfacet
  facet normal 0 0 -1
    outer loop
      vertex -7.28569 6.99095 2.3
      vertex -7.54999 6.54999 2.3
      vertex -7.32777 6.96573 2.3
    endloop
  endfacet
  facet normal 0 0 -1
    outer loop
      vertex -7.54999 -6.54999 2.3
      vertex -7.40353 -6.90353 2.3
      vertex -7.43649 -6.86719 2.3
    endloop
  endfacet
  facet normal 0 0 -1
    outer loop
      vertex -7.32777 6.96573 2.3
      vertex -7.54999 6.54999 2.3
      vertex -7.36719 6.93649 2.3
    endloop
  endfacet
  facet normal 0 0 -1
    outer loop
      vertex -7.54999 -6.54999 2.3
      vertex -7.43649 -6.86719 2.3
      vertex -7.46573 -6.82777 2.3
    endloop
  endfacet
  facet normal 0 0 -1
    outer loop
      vertex -7.36719 6.93649 2.3
      vertex -7.54999 6.54999 2.3
      vertex -7.40353 6.90353 2.3
    endloop
  endfacet
  facet normal 0 0 -1
    outer loop
      vertex -7.54999 -6.54999 2.3
      vertex -7.46573 -6.82777 2.3
      vertex -7.49095 -6.78569 2.3
    endloop
  endfacet
  facet normal 0 0 -1
    outer loop
      vertex -7.40353 6.90353 2.3
      vertex -7.54999 6.54999 2.3
      vertex -7.43649 6.86719 2.3
    endloop
  endfacet
  facet normal 0 0 -1
    outer loop
      vertex -7.54999 -6.54999 2.3
      vertex -7.49095 -6.78569 2.3
      vertex -7.51193 -6.74133 2.3
    endloop
  endfacet
  facet normal 0 0 -1
    outer loop
      vertex -7.43649 6.86719 2.3
      vertex -7.54999 6.54999 2.3
      vertex -7.46573 6.82777 2.3
    endloop
  endfacet
  facet normal 0 0 -1
    outer loop
      vertex -7.54999 -6.54999 2.3
      vertex -7.51193 -6.74133 2.3
      vertex -7.52846 -6.69513 2.3
    endloop
  endfacet
  facet normal 0 0 -1
    outer loop
      vertex -7.46573 6.82777 2.3
      vertex -7.54999 6.54999 2.3
      vertex -7.49095 6.78569 2.3
    endloop
  endfacet
  facet normal 0 0 -1
    outer loop
      vertex -7.54999 -6.54999 2.3
      vertex -7.52846 -6.69513 2.3
      vertex -7.54037 -6.64754 2.3
    endloop
  endfacet
  facet normal 0 0 -1
    outer loop
      vertex -7.49095 6.78569 2.3
      vertex -7.54999 6.54999 2.3
      vertex -7.51193 6.74133 2.3
    endloop
  endfacet
  facet normal 0 0 -1
    outer loop
      vertex -7.54999 -6.54999 2.3
      vertex -7.54037 -6.64754 2.3
      vertex -7.54758 -6.599 2.3
    endloop
  endfacet
  facet normal 0 0 -1
    outer loop
      vertex -7.51193 6.74133 2.3
      vertex -7.54999 6.54999 2.3
      vertex -7.52846 6.69513 2.3
    endloop
  endfacet
  facet normal 0 0 -1
    outer loop
      vertex -7.52846 6.69513 2.3
      vertex -7.54999 6.54999 2.3
      vertex -7.54037 6.64754 2.3
    endloop
  endfacet
  facet normal 0 0 -1
    outer loop
      vertex -7.54037 6.64754 2.3
      vertex -7.54999 6.54999 2.3
      vertex -7.54758 6.599 2.3
    endloop
  endfacet
  facet normal -0.585857 0.645687 0.489755
    outer loop
      vertex 7.40353 -6.90353 2.29
      vertex 6.96211 -6.46211 1.18
      vertex 6.94031 -6.48189 1.18
    endloop
  endfacet
  facet normal -0.585736 0.645802 0.489748
    outer loop
      vertex 7.36719 -6.93649 2.29
      vertex 7.40353 -6.90353 2.29
      vertex 6.94031 -6.48189 1.18
    endloop
  endfacet
  facet normal -0.376337 0.795418 0.475059
    outer loop
      vertex 7.28569 -6.99095 2.29
      vertex 6.8914 -6.51456 1.18
      vertex 6.86479 -6.52715 1.18
    endloop
  endfacet
  facet normal -0.889341 -0.13189 0.437811
    outer loop
      vertex 7.04854 6.27939 1.18
      vertex 7.54758 6.599 2.29
      vertex 7.04422 6.30852 1.18
    endloop
  endfacet
  facet normal 0.970083 -0.242775 0
    outer loop
      vertex -7.52846 6.69513 2.29
      vertex -7.54037 6.64754 2.3
      vertex -7.54037 6.64754 2.29
    endloop
  endfacet
  facet normal 0.970083 -0.242775 0
    outer loop
      vertex -7.54037 6.64754 2.3
      vertex -7.52846 6.69513 2.29
      vertex -7.52846 6.69513 2.3
    endloop
  endfacet
  facet normal 0.795418 -0.376337 0.475059
    outer loop
      vertex -7.02715 6.36479 1.18
      vertex -7.01456 6.3914 1.18
      vertex -7.49095 6.78569 2.29
    endloop
  endfacet
  facet normal -0.998793 0.0491143 0
    outer loop
      vertex 7.54999 -6.54999 2.3
      vertex 7.54758 -6.599 2.29
      vertex 7.54758 -6.599 2.3
    endloop
  endfacet
  facet normal -0.998793 0.0491143 0
    outer loop
      vertex 7.54758 -6.599 2.29
      vertex 7.54999 -6.54999 2.3
      vertex 7.54999 -6.54999 2.29
    endloop
  endfacet
  facet normal -0.298004 0.833569 0.465142
    outer loop
      vertex 7.24133 -7.01193 2.29
      vertex 6.86479 -6.52715 1.18
      vertex 6.83707 -6.53706 1.18
    endloop
  endfacet
  facet normal 0.857745 -0.514076 0
    outer loop
      vertex -7.46573 6.82777 2.29
      vertex -7.49095 6.78569 2.3
      vertex -7.49095 6.78569 2.29
    endloop
  endfacet
  facet normal 0.857745 -0.514076 0
    outer loop
      vertex -7.49095 6.78569 2.3
      vertex -7.46573 6.82777 2.29
      vertex -7.46573 6.82777 2.3
    endloop
  endfacet
  facet normal 0.833475 -0.298211 0.465177
    outer loop
      vertex -7.03706 6.33707 1.18
      vertex -7.51193 6.74133 2.29
      vertex -7.52846 6.69513 2.29
    endloop
  endfacet
  facet normal 0.795418 0.376337 0.475059
    outer loop
      vertex -7.01456 -6.3914 1.18
      vertex -7.02715 -6.36479 1.18
      vertex -7.49095 -6.78569 2.29
    endloop
  endfacet
  facet normal -0.889341 0.13189 0.437811
    outer loop
      vertex 7.54758 -6.599 2.29
      vertex 7.04854 -6.27939 1.18
      vertex 7.04422 -6.30852 1.18
    endloop
  endfacet
  facet normal 0 1 0
    outer loop
      vertex -7.04999 -7.04999 2.3
      vertex 7.04999 -7.04999 2.29
      vertex -7.04999 -7.04999 2.29
    endloop
  endfacet
  facet normal 0 1 -0
    outer loop
      vertex 7.04999 -7.04999 2.29
      vertex -7.04999 -7.04999 2.3
      vertex 7.04999 -7.04999 2.3
    endloop
  endfacet
  facet normal -0.0445659 0.906296 0.420287
    outer loop
      vertex 7.04999 -7.04999 2.29
      vertex 7.099 -7.04758 2.29
      vertex 6.74998 -6.54999 1.18
    endloop
  endfacet
  facet normal 0.376337 0.795418 0.475059
    outer loop
      vertex -6.86479 -6.52715 1.18
      vertex -6.8914 -6.51456 1.18
      vertex -7.28569 -6.99095 2.29
    endloop
  endfacet
  facet normal 0.906277 -0.0446822 0.420315
    outer loop
      vertex -7.04999 6.24998 1.18
      vertex -7.04854 6.27939 1.18
      vertex -7.54758 6.599 2.29
    endloop
  endfacet
  facet normal 0.0445659 0.906296 0.420287
    outer loop
      vertex -7.04999 -7.04999 2.29
      vertex -6.74998 -6.54999 1.18
      vertex -7.099 -7.04758 2.29
    endloop
  endfacet
  facet normal -0.0491143 0.998793 0
    outer loop
      vertex 7.04999 -7.04999 2.3
      vertex 7.099 -7.04758 2.29
      vertex 7.04999 -7.04999 2.29
    endloop
  endfacet
  facet normal -0.0491143 0.998793 0
    outer loop
      vertex 7.099 -7.04758 2.29
      vertex 7.04999 -7.04999 2.3
      vertex 7.099 -7.04758 2.3
    endloop
  endfacet
  facet normal 0.903995 0.427543 0
    outer loop
      vertex -7.51193 -6.74133 2.29
      vertex -7.49095 -6.78569 2.3
      vertex -7.49095 -6.78569 2.29
    endloop
  endfacet
  facet normal 0.903995 0.427543 0
    outer loop
      vertex -7.49095 -6.78569 2.3
      vertex -7.51193 -6.74133 2.29
      vertex -7.51193 -6.74133 2.3
    endloop
  endfacet
  facet normal 0.450319 0.751325 0.482415
    outer loop
      vertex -6.8914 -6.51456 1.18
      vertex -6.91666 -6.49942 1.18
      vertex -7.32777 -6.96573 2.29
    endloop
  endfacet
  facet normal 0.450302 0.751336 0.482413
    outer loop
      vertex -7.28569 -6.99095 2.29
      vertex -6.8914 -6.51456 1.18
      vertex -7.32777 -6.96573 2.29
    endloop
  endfacet
  facet normal 0.376222 0.795482 0.475042
    outer loop
      vertex -7.24133 -7.01193 2.29
      vertex -6.86479 -6.52715 1.18
      vertex -7.28569 -6.99095 2.29
    endloop
  endfacet
  facet normal 0.889295 0.132093 0.437843
    outer loop
      vertex -7.54037 -6.64754 2.29
      vertex -7.04422 -6.30852 1.18
      vertex -7.54758 -6.599 2.29
    endloop
  endfacet
  facet normal 0.519993 -0.70153 0.487302
    outer loop
      vertex -6.94031 6.48189 1.18
      vertex -6.91666 6.49942 1.18
      vertex -7.32777 6.96573 2.29
    endloop
  endfacet
  facet normal -0.0446822 0.906277 0.420315
    outer loop
      vertex 7.099 -7.04758 2.29
      vertex 6.77939 -6.54854 1.18
      vertex 6.74998 -6.54999 1.18
    endloop
  endfacet
  facet normal 0.751336 0.450302 0.482413
    outer loop
      vertex -7.46573 -6.82777 2.29
      vertex -7.01456 -6.3914 1.18
      vertex -7.49095 -6.78569 2.29
    endloop
  endfacet
  facet normal 0.751325 0.450319 0.482415
    outer loop
      vertex -6.99942 -6.41666 1.18
      vertex -7.01456 -6.3914 1.18
      vertex -7.46573 -6.82777 2.29
    endloop
  endfacet
  facet normal 0.740714 -0.67182 0
    outer loop
      vertex -7.40353 6.90353 2.29
      vertex -7.43649 6.86719 2.3
      vertex -7.43649 6.86719 2.29
    endloop
  endfacet
  facet normal 0.740714 -0.67182 0
    outer loop
      vertex -7.43649 6.86719 2.3
      vertex -7.40353 6.90353 2.29
      vertex -7.40353 6.90353 2.3
    endloop
  endfacet
  facet normal 0.795482 -0.376222 0.475042
    outer loop
      vertex -7.02715 6.36479 1.18
      vertex -7.49095 6.78569 2.29
      vertex -7.51193 6.74133 2.29
    endloop
  endfacet
  facet normal 0.833569 -0.298004 0.465142
    outer loop
      vertex -7.03706 6.33707 1.18
      vertex -7.02715 6.36479 1.18
      vertex -7.51193 6.74133 2.29
    endloop
  endfacet
  facet normal 0.906296 -0.0445659 0.420287
    outer loop
      vertex -7.04999 6.24998 1.18
      vertex -7.54758 6.599 2.29
      vertex -7.54999 6.54999 2.29
    endloop
  endfacet
  facet normal 0.911768 0 0.410706
    outer loop
      vertex -7.04999 6.24998 1.18
      vertex -7.54999 -6.54999 2.29
      vertex -7.04999 -6.24998 1.18
    endloop
  endfacet
  facet normal 0.911768 -0 0.410706
    outer loop
      vertex -7.54999 -6.54999 2.29
      vertex -7.04999 6.24998 1.18
      vertex -7.54999 6.54999 2.29
    endloop
  endfacet
  facet normal 0.242775 -0.970083 0
    outer loop
      vertex -7.14754 7.04037 2.3
      vertex -7.19513 7.02846 2.29
      vertex -7.14754 7.04037 2.29
    endloop
  endfacet
  facet normal 0.242775 -0.970083 0
    outer loop
      vertex -7.19513 7.02846 2.29
      vertex -7.14754 7.04037 2.3
      vertex -7.19513 7.02846 2.3
    endloop
  endfacet
  facet normal 0.0446822 0.906277 0.420315
    outer loop
      vertex -6.74998 -6.54999 1.18
      vertex -6.77939 -6.54854 1.18
      vertex -7.099 -7.04758 2.29
    endloop
  endfacet
  facet normal 0.86482 0.216887 0.452821
    outer loop
      vertex -7.03706 -6.33707 1.18
      vertex -7.04422 -6.30852 1.18
      vertex -7.52846 -6.69513 2.29
    endloop
  endfacet
  facet normal 0.751336 -0.450302 0.482413
    outer loop
      vertex -7.01456 6.3914 1.18
      vertex -7.46573 6.82777 2.29
      vertex -7.49095 6.78569 2.29
    endloop
  endfacet
  facet normal -0.216469 -0.864967 0.452739
    outer loop
      vertex 7.19513 7.02846 2.29
      vertex 7.14754 7.04037 2.29
      vertex 6.80852 6.54422 1.18
    endloop
  endfacet
  facet normal -0.132093 -0.889295 0.437843
    outer loop
      vertex 7.14754 7.04037 2.29
      vertex 7.099 7.04758 2.29
      vertex 6.80852 6.54422 1.18
    endloop
  endfacet
  facet normal -0.998793 -0.0491143 0
    outer loop
      vertex 7.54758 6.599 2.3
      vertex 7.54999 6.54999 2.29
      vertex 7.54999 6.54999 2.3
    endloop
  endfacet
  facet normal -0.998793 -0.0491143 0
    outer loop
      vertex 7.54999 6.54999 2.29
      vertex 7.54758 6.599 2.3
      vertex 7.54758 6.599 2.29
    endloop
  endfacet
  facet normal -0.970083 -0.242775 0
    outer loop
      vertex 7.52846 6.69513 2.3
      vertex 7.54037 6.64754 2.29
      vertex 7.54037 6.64754 2.3
    endloop
  endfacet
  facet normal -0.970083 -0.242775 0
    outer loop
      vertex 7.54037 6.64754 2.29
      vertex 7.52846 6.69513 2.3
      vertex 7.52846 6.69513 2.29
    endloop
  endfacet
  facet normal -0.146925 0.989148 0
    outer loop
      vertex 7.099 -7.04758 2.3
      vertex 7.14754 -7.04037 2.29
      vertex 7.099 -7.04758 2.29
    endloop
  endfacet
  facet normal -0.146925 0.989148 0
    outer loop
      vertex 7.14754 -7.04037 2.29
      vertex 7.099 -7.04758 2.3
      vertex 7.14754 -7.04037 2.3
    endloop
  endfacet
  facet normal 0.740714 0.67182 0
    outer loop
      vertex -7.43649 -6.86719 2.29
      vertex -7.40353 -6.90353 2.3
      vertex -7.40353 -6.90353 2.29
    endloop
  endfacet
  facet normal 0.740714 0.67182 0
    outer loop
      vertex -7.40353 -6.90353 2.3
      vertex -7.43649 -6.86719 2.29
      vertex -7.43649 -6.86719 2.3
    endloop
  endfacet
  facet normal 0.970083 0.242775 0
    outer loop
      vertex -7.54037 -6.64754 2.29
      vertex -7.52846 -6.69513 2.3
      vertex -7.52846 -6.69513 2.29
    endloop
  endfacet
  facet normal 0.970083 0.242775 0
    outer loop
      vertex -7.52846 -6.69513 2.3
      vertex -7.54037 -6.64754 2.29
      vertex -7.54037 -6.64754 2.3
    endloop
  endfacet
  facet normal 0.67182 0.740714 0
    outer loop
      vertex -7.40353 -6.90353 2.3
      vertex -7.36719 -6.93649 2.29
      vertex -7.40353 -6.90353 2.29
    endloop
  endfacet
  facet normal 0.67182 0.740714 -0
    outer loop
      vertex -7.36719 -6.93649 2.29
      vertex -7.40353 -6.90353 2.3
      vertex -7.36719 -6.93649 2.3
    endloop
  endfacet
  facet normal 0.514076 0.857745 0
    outer loop
      vertex -7.32777 -6.96573 2.3
      vertex -7.28569 -6.99095 2.29
      vertex -7.32777 -6.96573 2.29
    endloop
  endfacet
  facet normal 0.514076 0.857745 -0
    outer loop
      vertex -7.28569 -6.99095 2.29
      vertex -7.32777 -6.96573 2.3
      vertex -7.28569 -6.99095 2.3
    endloop
  endfacet
  facet normal 0.998793 0.0491143 0
    outer loop
      vertex -7.54999 -6.54999 2.29
      vertex -7.54758 -6.599 2.3
      vertex -7.54758 -6.599 2.29
    endloop
  endfacet
  facet normal 0.998793 0.0491143 0
    outer loop
      vertex -7.54758 -6.599 2.3
      vertex -7.54999 -6.54999 2.29
      vertex -7.54999 -6.54999 2.3
    endloop
  endfacet
  facet normal 0.906296 0.0445659 0.420287
    outer loop
      vertex -7.54758 -6.599 2.29
      vertex -7.04999 -6.24998 1.18
      vertex -7.54999 -6.54999 2.29
    endloop
  endfacet
  facet normal 0.941548 0.336879 0
    outer loop
      vertex -7.52846 -6.69513 2.29
      vertex -7.51193 -6.74133 2.3
      vertex -7.51193 -6.74133 2.29
    endloop
  endfacet
  facet normal 0.941548 0.336879 0
    outer loop
      vertex -7.51193 -6.74133 2.3
      vertex -7.52846 -6.69513 2.29
      vertex -7.52846 -6.69513 2.3
    endloop
  endfacet
  facet normal 0.903995 -0.427543 0
    outer loop
      vertex -7.49095 6.78569 2.29
      vertex -7.51193 6.74133 2.3
      vertex -7.51193 6.74133 2.29
    endloop
  endfacet
  facet normal 0.903995 -0.427543 0
    outer loop
      vertex -7.51193 6.74133 2.3
      vertex -7.49095 6.78569 2.29
      vertex -7.49095 6.78569 2.3
    endloop
  endfacet
  facet normal -0.427543 0.903995 0
    outer loop
      vertex 7.24133 -7.01193 2.3
      vertex 7.28569 -6.99095 2.29
      vertex 7.24133 -7.01193 2.29
    endloop
  endfacet
  facet normal -0.427543 0.903995 0
    outer loop
      vertex 7.28569 -6.99095 2.29
      vertex 7.24133 -7.01193 2.3
      vertex 7.28569 -6.99095 2.3
    endloop
  endfacet
  facet normal -0.216887 0.86482 0.452821
    outer loop
      vertex 7.19513 -7.02846 2.29
      vertex 6.83707 -6.53706 1.18
      vertex 6.80852 -6.54422 1.18
    endloop
  endfacet
  facet normal -0.298211 0.833475 0.465177
    outer loop
      vertex 7.19513 -7.02846 2.29
      vertex 7.24133 -7.01193 2.29
      vertex 6.83707 -6.53706 1.18
    endloop
  endfacet
  facet normal -0.450302 0.751336 0.482413
    outer loop
      vertex 7.28569 -6.99095 2.29
      vertex 7.32777 -6.96573 2.29
      vertex 6.8914 -6.51456 1.18
    endloop
  endfacet
  facet normal 0.0586459 -0.0787114 -0.995171
    outer loop
      vertex -1.96963 2.4 0.2119
      vertex -3.11308 4.35359 -0.01
      vertex -1.94214 2.4 0.21352
    endloop
  endfacet
  facet normal 0.0584593 -0.0788208 -0.995173
    outer loop
      vertex -3.11308 4.35359 -0.01
      vertex -1.96963 2.4 0.2119
      vertex -3.39892 4.14159 -0.01
    endloop
  endfacet
  facet normal 0.0504517 0.0841735 -0.995173
    outer loop
      vertex -1.38782 -2.59643 0.22773
      vertex -2.52562 -4.72511 -0.01
      vertex -2.83087 -4.54215 -0.01
    endloop
  endfacet
  facet normal -0.0789074 -0.0585354 -0.995162
    outer loop
      vertex 2.4694 1.65 0.22518
      vertex 2.4479 1.63563 0.22773
      vertex 2.43724 1.65 0.22773
    endloop
  endfacet
  facet normal -0.0788247 -0.0584544 -0.995173
    outer loop
      vertex 3.59185 2.4 0.09222
      vertex 4.35359 3.11308 -0.01
      vertex 4.4548 2.9766 -0.01
    endloop
  endfacet
  facet normal -0.0788307 -0.058448 -0.995173
    outer loop
      vertex 4.35359 3.11308 -0.01
      vertex 3.59185 2.4 0.09222
      vertex 3.16389 2.4 0.12612
    endloop
  endfacet
  facet normal 0.0238448 -0.0951945 -0.995173
    outer loop
      vertex -1.21006 5.21351 -0.01
      vertex -0.854615 2.81729 0.22773
      vertex -1.55527 5.12704 -0.01
    endloop
  endfacet
  facet normal -0.0419577 -0.0887137 -0.995173
    outer loop
      vertex 2.20392 4.87726 -0.01
      vertex 2.52562 4.72511 -0.01
      vertex 1.38782 2.59643 0.22773
    endloop
  endfacet
  facet normal 0.0923985 -0.03306 -0.995173
    outer loop
      vertex -3.6 1.22481 0.14276
      vertex -2.71996 1.12664 0.22773
      vertex -2.81729 0.854615 0.22773
    endloop
  endfacet
  facet normal 0.0923979 -0.0330653 -0.995173
    outer loop
      vertex -2.71996 1.12664 0.22773
      vertex -3.6 1.22481 0.14276
      vertex -3.6 1.49117 0.13391
    endloop
  endfacet
  facet normal 0.0923886 -0.0330829 -0.995173
    outer loop
      vertex -5.00715 1.89034 -0.01
      vertex -4.35 1.80183 0.05395
      vertex -4.35 1.57953 0.06134
    endloop
  endfacet
  facet normal 0.0923921 -0.0330574 -0.995174
    outer loop
      vertex -4.35 1.80183 0.05395
      vertex -5.00715 1.89034 -0.01
      vertex -4.94991 2.05032 -0.01
    endloop
  endfacet
  facet normal -0.0886963 -0.0419943 -0.995173
    outer loop
      vertex 3.08693 1.65 0.17295
      vertex 3.32917 1.65 0.15136
      vertex 2.59643 1.38782 0.22773
    endloop
  endfacet
  facet normal -0.088714 -0.0419767 -0.995172
    outer loop
      vertex 4.35 2.32512 0.03189
      vertex 4.87726 2.20392 -0.01
      vertex 4.35 2.01526 0.04496
    endloop
  endfacet
  facet normal -0.0887092 -0.0419556 -0.995174
    outer loop
      vertex 4.87726 2.20392 -0.01
      vertex 4.35 2.32512 0.03189
      vertex 4.72511 2.52562 -0.01
    endloop
  endfacet
  facet normal -0.0659048 -0.0727134 -0.995173
    outer loop
      vertex 2.00474 2.4 0.20958
      vertex 3.39892 4.14159 -0.01
      vertex 3.6626 3.9026 -0.01
    endloop
  endfacet
  facet normal -0.0657592 -0.0728301 -0.995174
    outer loop
      vertex 3.39892 4.14159 -0.01
      vertex 2.00474 2.4 0.20958
      vertex 1.96963 2.4 0.2119
    endloop
  endfacet
  facet normal -0.0727146 -0.0659058 -0.995173
    outer loop
      vertex 2.92441 2.4 0.14509
      vertex 3.9026 3.6626 -0.01
      vertex 4.14159 3.39892 -0.01
    endloop
  endfacet
  facet normal -0.0727051 -0.0659132 -0.995173
    outer loop
      vertex 3.9026 3.6626 -0.01
      vertex 2.92441 2.4 0.14509
      vertex 2.75824 2.4 0.15723
    endloop
  endfacet
  facet normal 0.0504517 -0.0841735 -0.995173
    outer loop
      vertex -2.52562 4.72511 -0.01
      vertex -1.38782 2.59643 0.22773
      vertex -2.83087 4.54215 -0.01
    endloop
  endfacet
  facet normal -0.03306 0.0923992 -0.995173
    outer loop
      vertex 1.89034 -5.00715 -0.01
      vertex 1.12664 -2.71996 0.22773
      vertex 2.05032 -4.94991 -0.01
    endloop
  endfacet
  facet normal -0.0330602 0.0923991 -0.995173
    outer loop
      vertex 1.12664 -2.71996 0.22773
      vertex 1.89034 -5.00715 -0.01
      vertex 0.854615 -2.81729 0.22773
    endloop
  endfacet
  facet normal 0.0504332 0.0841407 -0.995177
    outer loop
      vertex -1.38782 -2.59643 0.22773
      vertex -1.67045 -2.5 0.22156
      vertex -1.5487 -2.5 0.22773
    endloop
  endfacet
  facet normal 0.0504458 0.0841779 -0.995173
    outer loop
      vertex -2.83087 -4.54215 -0.01
      vertex -1.67045 -2.5 0.22156
      vertex -1.38782 -2.59643 0.22773
    endloop
  endfacet
  facet normal 0.0504533 0.0841736 -0.995173
    outer loop
      vertex -1.67045 -2.5 0.22156
      vertex -2.83087 -4.54215 -0.01
      vertex -2.9766 -4.4548 -0.01
    endloop
  endfacet
  facet normal 0.0923997 -0.0330575 -0.995173
    outer loop
      vertex -2.81729 0.854615 0.22773
      vertex -3.6 1.09205 0.14717
      vertex -3.6 1.22481 0.14276
    endloop
  endfacet
  facet normal 0.0923994 -0.0330742 -0.995173
    outer loop
      vertex -5.12704 1.55527 -0.01
      vertex -4.35 1.57953 0.06134
      vertex -4.35 1.31956 0.06998
    endloop
  endfacet
  facet normal 0.092399 -0.0330609 -0.995173
    outer loop
      vertex -4.35 1.57953 0.06134
      vertex -5.12704 1.55527 -0.01
      vertex -5.00715 1.89034 -0.01
    endloop
  endfacet
  facet normal -0.00481648 -0.098017 -0.995173
    outer loop
      vertex 0 2.94406 0.22773
      vertex 0.169704 5.34941 -0.01
      vertex 0.288568 2.92988 0.22773
    endloop
  endfacet
  facet normal -0.00481123 -0.0980173 -0.995173
    outer loop
      vertex 0.169704 5.34941 -0.01
      vertex 0 2.94406 0.22773
      vertex 0 5.35774 -0.01
    endloop
  endfacet
  facet normal 0.0970654 -0.0144603 -0.995173
    outer loop
      vertex -2.92988 0.288568 0.22773
      vertex -3.6 0.354568 0.16141
      vertex -3.6 0.456423 0.15993
    endloop
  endfacet
  facet normal 0.0970729 -0.0143846 -0.995173
    outer loop
      vertex -5.33194 0.52515 -0.01
      vertex -4.35 0.644288 0.08406
      vertex -4.35 0.428437 0.08718
    endloop
  endfacet
  facet normal 0.0970744 -0.0143975 -0.995173
    outer loop
      vertex -4.35 0.644288 0.08406
      vertex -5.33194 0.52515 -0.01
      vertex -5.27973 0.877173 -0.01
    endloop
  endfacet
  facet normal -0.0727146 0.0659058 -0.995173
    outer loop
      vertex 3.9026 -3.6626 -0.01
      vertex 2.92441 -2.4 0.14509
      vertex 4.14159 -3.39892 -0.01
    endloop
  endfacet
  facet normal -0.0727051 0.0659132 -0.995173
    outer loop
      vertex 2.92441 -2.4 0.14509
      vertex 3.9026 -3.6626 -0.01
      vertex 2.75824 -2.4 0.15723
    endloop
  endfacet
  facet normal -0.0980141 0.00482894 -0.995173
    outer loop
      vertex 3.6 -0.255647 0.16189
      vertex 3.6 -0.354568 0.16141
      vertex 2.92988 -0.288568 0.22773
    endloop
  endfacet
  facet normal -0.0980152 0.0048174 -0.995173
    outer loop
      vertex 4.35 -0.428437 0.08718
      vertex 5.34941 -0.169704 -0.01
      vertex 5.33194 -0.52515 -0.01
    endloop
  endfacet
  facet normal -0.0980215 0.00484211 -0.995173
    outer loop
      vertex 5.34941 -0.169704 -0.01
      vertex 4.35 -0.428437 0.08718
      vertex 4.35 -0.218802 0.0882
    endloop
  endfacet
  facet normal 0.0980244 -0.0047881 -0.995172
    outer loop
      vertex -3.6 0.255647 0.16189
      vertex -2.94406 0 0.22773
      vertex -3.6 0 0.16312
    endloop
  endfacet
  facet normal 0.0980135 -0.0048163 -0.995173
    outer loop
      vertex -2.94406 0 0.22773
      vertex -3.6 0.255647 0.16189
      vertex -2.92988 0.288568 0.22773
    endloop
  endfacet
  facet normal 0.0980183 -0.0047757 -0.995173
    outer loop
      vertex -4.35 0 0.08925
      vertex -5.34941 0.169704 -0.01
      vertex -4.35 0.218802 0.0882
    endloop
  endfacet
  facet normal 0.0980124 -0.00481098 -0.995174
    outer loop
      vertex -5.34941 0.169704 -0.01
      vertex -4.35 0 0.08925
      vertex -5.35774 0 -0.01
    endloop
  endfacet
  facet normal -0.0923997 -0.0330575 -0.995173
    outer loop
      vertex 3.6 1.22481 0.14276
      vertex 3.6 1.09205 0.14717
      vertex 2.81729 0.854615 0.22773
    endloop
  endfacet
  facet normal -0.0923994 -0.0330742 -0.995173
    outer loop
      vertex 4.35 1.57953 0.06134
      vertex 5.12704 1.55527 -0.01
      vertex 4.35 1.31956 0.06998
    endloop
  endfacet
  facet normal -0.092399 -0.0330609 -0.995173
    outer loop
      vertex 5.12704 1.55527 -0.01
      vertex 4.35 1.57953 0.06134
      vertex 5.00715 1.89034 -0.01
    endloop
  endfacet
  facet normal 0.00481749 -0.098017 -0.995173
    outer loop
      vertex -0.169704 5.34941 -0.01
      vertex -0.288568 2.92988 0.22773
      vertex -0.52515 5.33194 -0.01
    endloop
  endfacet
  facet normal -0.00481749 -0.098017 -0.995173
    outer loop
      vertex 0.52515 5.33194 -0.01
      vertex 0.288568 2.92988 0.22773
      vertex 0.169704 5.34941 -0.01
    endloop
  endfacet
  facet normal 0.0504332 -0.0841407 -0.995177
    outer loop
      vertex -1.67045 2.5 0.22156
      vertex -1.38782 2.59643 0.22773
      vertex -1.5487 2.5 0.22773
    endloop
  endfacet
  facet normal 0.0504458 -0.0841779 -0.995173
    outer loop
      vertex -1.67045 2.5 0.22156
      vertex -2.83087 4.54215 -0.01
      vertex -1.38782 2.59643 0.22773
    endloop
  endfacet
  facet normal 0.0504533 -0.0841736 -0.995173
    outer loop
      vertex -2.83087 4.54215 -0.01
      vertex -1.67045 2.5 0.22156
      vertex -2.9766 4.4548 -0.01
    endloop
  endfacet
  facet normal 0.0238447 -0.0951945 -0.995173
    outer loop
      vertex -1.21006 5.21351 -0.01
      vertex -0.574357 2.88749 0.22773
      vertex -0.854615 2.81729 0.22773
    endloop
  endfacet
  facet normal 0.0238475 -0.0951937 -0.995173
    outer loop
      vertex -0.574357 2.88749 0.22773
      vertex -1.21006 5.21351 -0.01
      vertex -1.04524 5.2548 -0.01
    endloop
  endfacet
  facet normal 0.0970806 -0.0143996 -0.995172
    outer loop
      vertex -3.6 0.456423 0.15993
      vertex -2.88749 0.574357 0.22773
      vertex -2.92988 0.288568 0.22773
    endloop
  endfacet
  facet normal 0.0970761 -0.0143722 -0.995173
    outer loop
      vertex -2.88749 0.574357 0.22773
      vertex -3.6 0.456423 0.15993
      vertex -3.6 0.716084 0.15618
    endloop
  endfacet
  facet normal 0.097071 -0.0144111 -0.995173
    outer loop
      vertex -5.27973 0.877173 -0.01
      vertex -4.35 0.865268 0.08086
      vertex -4.35 0.644288 0.08406
    endloop
  endfacet
  facet normal 0.0970712 -0.0143989 -0.995173
    outer loop
      vertex -4.35 0.865268 0.08086
      vertex -5.27973 0.877173 -0.01
      vertex -5.2548 1.04524 -0.01
    endloop
  endfacet
  facet normal -0.0504533 -0.0841736 -0.995173
    outer loop
      vertex 1.67045 2.5 0.22156
      vertex 2.83087 4.54215 -0.01
      vertex 2.9766 4.4548 -0.01
    endloop
  endfacet
  facet normal -0.0504332 -0.0841407 -0.995177
    outer loop
      vertex 1.38782 2.59643 0.22773
      vertex 1.67045 2.5 0.22156
      vertex 1.5487 2.5 0.22773
    endloop
  endfacet
  facet normal -0.0504458 -0.0841779 -0.995173
    outer loop
      vertex 1.67045 2.5 0.22156
      vertex 1.38782 2.59643 0.22773
      vertex 2.83087 4.54215 -0.01
    endloop
  endfacet
  facet normal 0.0419577 -0.0887137 -0.995173
    outer loop
      vertex -2.20392 4.87726 -0.01
      vertex -1.38782 2.59643 0.22773
      vertex -2.52562 4.72511 -0.01
    endloop
  endfacet
  facet normal 0.0951872 -0.0238682 -0.995173
    outer loop
      vertex -2.81729 0.854615 0.22773
      vertex -3.6 0.970719 0.15008
      vertex -3.6 1.09205 0.14717
    endloop
  endfacet
  facet normal 0.0951971 -0.0238332 -0.995173
    outer loop
      vertex -5.21351 1.21006 -0.01
      vertex -4.35 1.31956 0.06998
      vertex -4.35 1.08197 0.07567
    endloop
  endfacet
  facet normal 0.0951987 -0.0238459 -0.995173
    outer loop
      vertex -4.35 1.31956 0.06998
      vertex -5.21351 1.21006 -0.01
      vertex -5.12704 1.55527 -0.01
    endloop
  endfacet
  facet normal 0.0238448 0.0951945 -0.995173
    outer loop
      vertex -0.854615 -2.81729 0.22773
      vertex -1.21006 -5.21351 -0.01
      vertex -1.55527 -5.12704 -0.01
    endloop
  endfacet
  facet normal 0.0842715 -0.0505098 -0.995162
    outer loop
      vertex -2.59643 1.38782 0.22773
      vertex -2.4694 1.65 0.22518
      vertex -2.4479 1.63563 0.22773
    endloop
  endfacet
  facet normal 0.0841634 -0.0504576 -0.995174
    outer loop
      vertex -2.4694 1.65 0.22518
      vertex -2.59643 1.38782 0.22773
      vertex -2.94994 1.65 0.18454
    endloop
  endfacet
  facet normal 0.084175 -0.050447 -0.995173
    outer loop
      vertex -3.96119 2.4 0.06098
      vertex -4.4548 2.9766 -0.01
      vertex -3.59185 2.4 0.09222
    endloop
  endfacet
  facet normal 0.0841701 -0.0504512 -0.995173
    outer loop
      vertex -4.4548 2.9766 -0.01
      vertex -3.96119 2.4 0.06098
      vertex -4.54215 2.83087 -0.01
    endloop
  endfacet
  facet normal 0.0330602 0.0923991 -0.995173
    outer loop
      vertex -1.89034 -5.00715 -0.01
      vertex -1.12664 -2.71996 0.22773
      vertex -0.854615 -2.81729 0.22773
    endloop
  endfacet
  facet normal 0.03306 0.0923992 -0.995173
    outer loop
      vertex -1.12664 -2.71996 0.22773
      vertex -1.89034 -5.00715 -0.01
      vertex -2.05032 -4.94991 -0.01
    endloop
  endfacet
  facet normal 0.0951921 -0.023844 -0.995173
    outer loop
      vertex -3.6 0.716084 0.15618
      vertex -2.81729 0.854615 0.22773
      vertex -2.88749 0.574357 0.22773
    endloop
  endfacet
  facet normal 0.0951914 -0.0238402 -0.995173
    outer loop
      vertex -2.81729 0.854615 0.22773
      vertex -3.6 0.716084 0.15618
      vertex -3.6 0.970719 0.15008
    endloop
  endfacet
  facet normal 0.0951944 -0.0238343 -0.995173
    outer loop
      vertex -5.2548 1.04524 -0.01
      vertex -4.35 1.08197 0.07567
      vertex -4.35 0.865268 0.08086
    endloop
  endfacet
  facet normal 0.095195 -0.0238478 -0.995173
    outer loop
      vertex -4.35 1.08197 0.07567
      vertex -5.2548 1.04524 -0.01
      vertex -5.21351 1.21006 -0.01
    endloop
  endfacet
  facet normal 0.0143985 0.0970732 -0.995173
    outer loop
      vertex -0.877173 -5.27973 -0.01
      vertex -0.574357 -2.88749 0.22773
      vertex -0.288568 -2.92988 0.22773
    endloop
  endfacet
  facet normal 0.0143992 0.0970731 -0.995173
    outer loop
      vertex -0.574357 -2.88749 0.22773
      vertex -0.877173 -5.27973 -0.01
      vertex -1.04524 -5.2548 -0.01
    endloop
  endfacet
  facet normal 0.0789074 0.0585354 -0.995162
    outer loop
      vertex -2.4479 -1.63563 0.22773
      vertex -2.43724 -1.65 0.22773
      vertex -2.4694 -1.65 0.22518
    endloop
  endfacet
  facet normal 0.0788307 0.058448 -0.995173
    outer loop
      vertex -4.35359 -3.11308 -0.01
      vertex -3.59185 -2.4 0.09222
      vertex -3.16389 -2.4 0.12612
    endloop
  endfacet
  facet normal 0.0788247 0.0584544 -0.995173
    outer loop
      vertex -3.59185 -2.4 0.09222
      vertex -4.35359 -3.11308 -0.01
      vertex -4.4548 -2.9766 -0.01
    endloop
  endfacet
  facet normal 0.0842715 0.0505098 -0.995162
    outer loop
      vertex -2.4694 -1.65 0.22518
      vertex -2.59643 -1.38782 0.22773
      vertex -2.4479 -1.63563 0.22773
    endloop
  endfacet
  facet normal 0.0841634 0.0504576 -0.995174
    outer loop
      vertex -2.59643 -1.38782 0.22773
      vertex -2.4694 -1.65 0.22518
      vertex -2.94994 -1.65 0.18454
    endloop
  endfacet
  facet normal 0.084175 0.050447 -0.995173
    outer loop
      vertex -4.4548 -2.9766 -0.01
      vertex -3.96119 -2.4 0.06098
      vertex -3.59185 -2.4 0.09222
    endloop
  endfacet
  facet normal 0.0841701 0.0504512 -0.995173
    outer loop
      vertex -3.96119 -2.4 0.06098
      vertex -4.4548 -2.9766 -0.01
      vertex -4.54215 -2.83087 -0.01
    endloop
  endfacet
  facet normal 0.0143974 -0.0970735 -0.995173
    outer loop
      vertex -0.52515 5.33194 -0.01
      vertex -0.288568 2.92988 0.22773
      vertex -0.877173 5.27973 -0.01
    endloop
  endfacet
  facet normal -0.00481749 0.098017 -0.995173
    outer loop
      vertex 0.288568 -2.92988 0.22773
      vertex 0.52515 -5.33194 -0.01
      vertex 0.169704 -5.34941 -0.01
    endloop
  endfacet
  facet normal 0.0143985 -0.0970732 -0.995173
    outer loop
      vertex -0.574357 2.88749 0.22773
      vertex -0.877173 5.27973 -0.01
      vertex -0.288568 2.92988 0.22773
    endloop
  endfacet
  facet normal 0.0143992 -0.0970731 -0.995173
    outer loop
      vertex -0.877173 5.27973 -0.01
      vertex -0.574357 2.88749 0.22773
      vertex -1.04524 5.2548 -0.01
    endloop
  endfacet
  facet normal -0.0841963 0.050413 -0.995173
    outer loop
      vertex 3.08693 -1.65 0.17295
      vertex 2.94994 -1.65 0.18454
      vertex 2.59643 -1.38782 0.22773
    endloop
  endfacet
  facet normal -0.0841576 0.0504682 -0.995174
    outer loop
      vertex 4.54215 -2.83087 -0.01
      vertex 3.96119 -2.4 0.06098
      vertex 4.35 -2.4 0.0281
    endloop
  endfacet
  facet normal -0.0841824 0.050457 -0.995172
    outer loop
      vertex 4.35 -2.4 0.0281
      vertex 4.72511 -2.52562 -0.01
      vertex 4.54215 -2.83087 -0.01
    endloop
  endfacet
  facet normal -0.0842117 0.0503701 -0.995174
    outer loop
      vertex 4.72511 -2.52562 -0.01
      vertex 4.35 -2.4 0.0281
      vertex 4.35 -2.32512 0.03189
    endloop
  endfacet
  facet normal -0.0238475 0.0951937 -0.995173
    outer loop
      vertex 0.574357 -2.88749 0.22773
      vertex 1.21006 -5.21351 -0.01
      vertex 1.04524 -5.2548 -0.01
    endloop
  endfacet
  facet normal -0.0238447 0.0951945 -0.995173
    outer loop
      vertex 1.21006 -5.21351 -0.01
      vertex 0.574357 -2.88749 0.22773
      vertex 0.854615 -2.81729 0.22773
    endloop
  endfacet
  facet normal 0.00481123 0.0980173 -0.995173
    outer loop
      vertex -0.169704 -5.34941 -0.01
      vertex 0 -2.94406 0.22773
      vertex 0 -5.35774 -0.01
    endloop
  endfacet
  facet normal 0.00481648 0.098017 -0.995173
    outer loop
      vertex 0 -2.94406 0.22773
      vertex -0.169704 -5.34941 -0.01
      vertex -0.288568 -2.92988 0.22773
    endloop
  endfacet
  facet normal -0.0238448 -0.0951945 -0.995173
    outer loop
      vertex 1.21006 5.21351 -0.01
      vertex 1.55527 5.12704 -0.01
      vertex 0.854615 2.81729 0.22773
    endloop
  endfacet
  facet normal 0.0980141 0.00482894 -0.995173
    outer loop
      vertex -2.92988 -0.288568 0.22773
      vertex -3.6 -0.354568 0.16141
      vertex -3.6 -0.255647 0.16189
    endloop
  endfacet
  facet normal 0.0980128 0.00484212 -0.995173
    outer loop
      vertex -5.33194 -0.52515 -0.01
      vertex -4.35 -0.218802 0.0882
      vertex -4.35 -0.428437 0.08718
    endloop
  endfacet
  facet normal 0.0980203 0.00481765 -0.995173
    outer loop
      vertex -4.35 -0.218802 0.0882
      vertex -5.33194 -0.52515 -0.01
      vertex -5.34941 -0.169704 -0.01
    endloop
  endfacet
  facet normal -0.0330608 -0.0923989 -0.995173
    outer loop
      vertex 1.55527 5.12704 -0.01
      vertex 1.89034 5.00715 -0.01
      vertex 0.854615 2.81729 0.22773
    endloop
  endfacet
  facet normal 0.0923997 0.0330575 -0.995173
    outer loop
      vertex -2.81729 -0.854615 0.22773
      vertex -3.6 -1.22481 0.14276
      vertex -3.6 -1.09205 0.14717
    endloop
  endfacet
  facet normal 0.092399 0.0330609 -0.995173
    outer loop
      vertex -5.12704 -1.55527 -0.01
      vertex -4.35 -1.57953 0.06134
      vertex -5.00715 -1.89034 -0.01
    endloop
  endfacet
  facet normal 0.0923994 0.0330742 -0.995173
    outer loop
      vertex -4.35 -1.57953 0.06134
      vertex -5.12704 -1.55527 -0.01
      vertex -4.35 -1.31956 0.06998
    endloop
  endfacet
  facet normal -0.0788229 -0.0584609 -0.995173
    outer loop
      vertex 3.16389 2.4 0.12612
      vertex 4.14159 3.39892 -0.01
      vertex 4.35359 3.11308 -0.01
    endloop
  endfacet
  facet normal -0.0788309 -0.0584531 -0.995173
    outer loop
      vertex 4.14159 3.39892 -0.01
      vertex 3.16389 2.4 0.12612
      vertex 2.92441 2.4 0.14509
    endloop
  endfacet
  facet normal 0.00481749 0.098017 -0.995173
    outer loop
      vertex -0.288568 -2.92988 0.22773
      vertex -0.169704 -5.34941 -0.01
      vertex -0.52515 -5.33194 -0.01
    endloop
  endfacet
  facet normal -0.0143992 0.0970731 -0.995173
    outer loop
      vertex 0.877173 -5.27973 -0.01
      vertex 0.574357 -2.88749 0.22773
      vertex 1.04524 -5.2548 -0.01
    endloop
  endfacet
  facet normal -0.0143985 0.0970732 -0.995173
    outer loop
      vertex 0.574357 -2.88749 0.22773
      vertex 0.877173 -5.27973 -0.01
      vertex 0.288568 -2.92988 0.22773
    endloop
  endfacet
  facet normal -0.0970806 -0.0143996 -0.995172
    outer loop
      vertex 2.88749 0.574357 0.22773
      vertex 3.6 0.456423 0.15993
      vertex 2.92988 0.288568 0.22773
    endloop
  endfacet
  facet normal -0.0970761 -0.0143722 -0.995173
    outer loop
      vertex 3.6 0.456423 0.15993
      vertex 2.88749 0.574357 0.22773
      vertex 3.6 0.716084 0.15618
    endloop
  endfacet
  facet normal -0.097071 -0.0144111 -0.995173
    outer loop
      vertex 4.35 0.865268 0.08086
      vertex 5.27973 0.877173 -0.01
      vertex 4.35 0.644288 0.08406
    endloop
  endfacet
  facet normal -0.0970712 -0.0143989 -0.995173
    outer loop
      vertex 5.27973 0.877173 -0.01
      vertex 4.35 0.865268 0.08086
      vertex 5.2548 1.04524 -0.01
    endloop
  endfacet
  facet normal -0.0980244 0.0047881 -0.995172
    outer loop
      vertex 3.6 -0.255647 0.16189
      vertex 2.94406 0 0.22773
      vertex 3.6 0 0.16312
    endloop
  endfacet
  facet normal -0.0980135 0.0048163 -0.995173
    outer loop
      vertex 2.94406 0 0.22773
      vertex 3.6 -0.255647 0.16189
      vertex 2.92988 -0.288568 0.22773
    endloop
  endfacet
  facet normal -0.0980183 0.0047757 -0.995173
    outer loop
      vertex 4.35 0 0.08925
      vertex 5.34941 -0.169704 -0.01
      vertex 4.35 -0.218802 0.0882
    endloop
  endfacet
  facet normal -0.0980124 0.00481098 -0.995174
    outer loop
      vertex 5.34941 -0.169704 -0.01
      vertex 4.35 0 0.08925
      vertex 5.35774 0 -0.01
    endloop
  endfacet
  facet normal 0.0886963 0.0419943 -0.995173
    outer loop
      vertex -2.59643 -1.38782 0.22773
      vertex -3.08693 -1.65 0.17295
      vertex -3.32917 -1.65 0.15136
    endloop
  endfacet
  facet normal 0.0887092 0.0419556 -0.995174
    outer loop
      vertex -4.87726 -2.20392 -0.01
      vertex -4.35 -2.32512 0.03189
      vertex -4.72511 -2.52562 -0.01
    endloop
  endfacet
  facet normal 0.088714 0.0419767 -0.995172
    outer loop
      vertex -4.35 -2.32512 0.03189
      vertex -4.87726 -2.20392 -0.01
      vertex -4.35 -2.01526 0.04496
    endloop
  endfacet
  facet normal -0.0951872 -0.0238682 -0.995173
    outer loop
      vertex 3.6 1.09205 0.14717
      vertex 3.6 0.970719 0.15008
      vertex 2.81729 0.854615 0.22773
    endloop
  endfacet
  facet normal -0.0951971 -0.0238332 -0.995173
    outer loop
      vertex 4.35 1.31956 0.06998
      vertex 5.21351 1.21006 -0.01
      vertex 4.35 1.08197 0.07567
    endloop
  endfacet
  facet normal -0.0951987 -0.0238459 -0.995173
    outer loop
      vertex 5.21351 1.21006 -0.01
      vertex 4.35 1.31956 0.06998
      vertex 5.12704 1.55527 -0.01
    endloop
  endfacet
  facet normal -0.0841634 -0.0504576 -0.995174
    outer loop
      vertex 2.59643 1.38782 0.22773
      vertex 2.4694 1.65 0.22518
      vertex 2.94994 1.65 0.18454
    endloop
  endfacet
  facet normal -0.0842715 -0.0505098 -0.995162
    outer loop
      vertex 2.4694 1.65 0.22518
      vertex 2.59643 1.38782 0.22773
      vertex 2.4479 1.63563 0.22773
    endloop
  endfacet
  facet normal -0.0841701 -0.0504512 -0.995173
    outer loop
      vertex 3.96119 2.4 0.06098
      vertex 4.4548 2.9766 -0.01
      vertex 4.54215 2.83087 -0.01
    endloop
  endfacet
  facet normal -0.084175 -0.050447 -0.995173
    outer loop
      vertex 4.4548 2.9766 -0.01
      vertex 3.96119 2.4 0.06098
      vertex 3.59185 2.4 0.09222
    endloop
  endfacet
  facet normal -0.0143974 -0.0970735 -0.995173
    outer loop
      vertex 0.52515 5.33194 -0.01
      vertex 0.877173 5.27973 -0.01
      vertex 0.288568 2.92988 0.22773
    endloop
  endfacet
  facet normal 0.0980135 0.0048163 -0.995173
    outer loop
      vertex -3.6 -0.255647 0.16189
      vertex -2.94406 0 0.22773
      vertex -2.92988 -0.288568 0.22773
    endloop
  endfacet
  facet normal 0.0980244 0.0047881 -0.995172
    outer loop
      vertex -2.94406 0 0.22773
      vertex -3.6 -0.255647 0.16189
      vertex -3.6 0 0.16312
    endloop
  endfacet
  facet normal 0.0980183 0.0047757 -0.995173
    outer loop
      vertex -5.34941 -0.169704 -0.01
      vertex -4.35 0 0.08925
      vertex -4.35 -0.218802 0.0882
    endloop
  endfacet
  facet normal 0.0980124 0.00481098 -0.995174
    outer loop
      vertex -4.35 0 0.08925
      vertex -5.34941 -0.169704 -0.01
      vertex -5.35774 0 -0.01
    endloop
  endfacet
  facet normal 0.0330602 -0.0923991 -0.995173
    outer loop
      vertex -1.12664 2.71996 0.22773
      vertex -1.89034 5.00715 -0.01
      vertex -0.854615 2.81729 0.22773
    endloop
  endfacet
  facet normal 0.03306 -0.0923992 -0.995173
    outer loop
      vertex -1.89034 5.00715 -0.01
      vertex -1.12664 2.71996 0.22773
      vertex -2.05032 4.94991 -0.01
    endloop
  endfacet
  facet normal 0.0886963 -0.0419943 -0.995173
    outer loop
      vertex -3.08693 1.65 0.17295
      vertex -2.59643 1.38782 0.22773
      vertex -3.32917 1.65 0.15136
    endloop
  endfacet
  facet normal 0.088714 -0.0419767 -0.995172
    outer loop
      vertex -4.87726 2.20392 -0.01
      vertex -4.35 2.32512 0.03189
      vertex -4.35 2.01526 0.04496
    endloop
  endfacet
  facet normal 0.0887092 -0.0419556 -0.995174
    outer loop
      vertex -4.35 2.32512 0.03189
      vertex -4.87726 2.20392 -0.01
      vertex -4.72511 2.52562 -0.01
    endloop
  endfacet
  facet normal -0.0841963 -0.050413 -0.995173
    outer loop
      vertex 2.94994 1.65 0.18454
      vertex 3.08693 1.65 0.17295
      vertex 2.59643 1.38782 0.22773
    endloop
  endfacet
  facet normal -0.0842117 -0.0503701 -0.995174
    outer loop
      vertex 4.35 2.4 0.0281
      vertex 4.72511 2.52562 -0.01
      vertex 4.35 2.32512 0.03189
    endloop
  endfacet
  facet normal -0.0841824 -0.050457 -0.995172
    outer loop
      vertex 4.72511 2.52562 -0.01
      vertex 4.35 2.4 0.0281
      vertex 4.54215 2.83087 -0.01
    endloop
  endfacet
  facet normal -0.0841576 -0.0504682 -0.995174
    outer loop
      vertex 4.54215 2.83087 -0.01
      vertex 4.35 2.4 0.0281
      vertex 3.96119 2.4 0.06098
    endloop
  endfacet
  facet normal 0.00481123 -0.0980173 -0.995173
    outer loop
      vertex 0 2.94406 0.22773
      vertex -0.169704 5.34941 -0.01
      vertex 0 5.35774 -0.01
    endloop
  endfacet
  facet normal 0.00481648 -0.098017 -0.995173
    outer loop
      vertex -0.169704 5.34941 -0.01
      vertex 0 2.94406 0.22773
      vertex -0.288568 2.92988 0.22773
    endloop
  endfacet
  facet normal -0.0886963 0.0419943 -0.995173
    outer loop
      vertex 3.32917 -1.65 0.15136
      vertex 3.08693 -1.65 0.17295
      vertex 2.59643 -1.38782 0.22773
    endloop
  endfacet
  facet normal -0.0887092 0.0419556 -0.995174
    outer loop
      vertex 4.35 -2.32512 0.03189
      vertex 4.87726 -2.20392 -0.01
      vertex 4.72511 -2.52562 -0.01
    endloop
  endfacet
  facet normal -0.088714 0.0419767 -0.995172
    outer loop
      vertex 4.87726 -2.20392 -0.01
      vertex 4.35 -2.32512 0.03189
      vertex 4.35 -2.01526 0.04496
    endloop
  endfacet
  facet normal -0.0584593 -0.0788208 -0.995173
    outer loop
      vertex 1.96963 2.4 0.2119
      vertex 3.11308 4.35359 -0.01
      vertex 3.39892 4.14159 -0.01
    endloop
  endfacet
  facet normal -0.0586459 -0.0787114 -0.995171
    outer loop
      vertex 3.11308 4.35359 -0.01
      vertex 1.96963 2.4 0.2119
      vertex 1.94214 2.4 0.21352
    endloop
  endfacet
  facet normal -0.03306 -0.0923992 -0.995173
    outer loop
      vertex 1.12664 2.71996 0.22773
      vertex 1.89034 5.00715 -0.01
      vertex 2.05032 4.94991 -0.01
    endloop
  endfacet
  facet normal -0.0330602 -0.0923991 -0.995173
    outer loop
      vertex 1.89034 5.00715 -0.01
      vertex 1.12664 2.71996 0.22773
      vertex 0.854615 2.81729 0.22773
    endloop
  endfacet
  facet normal -0.0887396 -0.0419797 -0.99517
    outer loop
      vertex 3.6 1.49117 0.13391
      vertex 3.32917 1.65 0.15136
      vertex 3.6 1.65 0.12721
    endloop
  endfacet
  facet normal -0.0887196 -0.0419453 -0.995173
    outer loop
      vertex 2.71996 1.12664 0.22773
      vertex 3.32917 1.65 0.15136
      vertex 3.6 1.49117 0.13391
    endloop
  endfacet
  facet normal -0.0887097 -0.0419569 -0.995173
    outer loop
      vertex 3.32917 1.65 0.15136
      vertex 2.71996 1.12664 0.22773
      vertex 2.59643 1.38782 0.22773
    endloop
  endfacet
  facet normal -0.0887218 -0.0419183 -0.995174
    outer loop
      vertex 4.35 2.01526 0.04496
      vertex 4.94991 2.05032 -0.01
      vertex 4.35 1.80183 0.05395
    endloop
  endfacet
  facet normal -0.0887191 -0.0419625 -0.995172
    outer loop
      vertex 4.94991 2.05032 -0.01
      vertex 4.35 2.01526 0.04496
      vertex 4.87726 2.20392 -0.01
    endloop
  endfacet
  facet normal 0.0330608 -0.0923989 -0.995173
    outer loop
      vertex -1.55527 5.12704 -0.01
      vertex -0.854615 2.81729 0.22773
      vertex -1.89034 5.00715 -0.01
    endloop
  endfacet
  facet normal -0.0727174 -0.065902 -0.995173
    outer loop
      vertex 2.75824 2.4 0.15723
      vertex 3.7885 3.7885 -0.01
      vertex 3.9026 3.6626 -0.01
    endloop
  endfacet
  facet normal -0.072699 -0.0659157 -0.995173
    outer loop
      vertex 3.7885 3.7885 -0.01
      vertex 2.75824 2.4 0.15723
      vertex 2.4 2.4 0.1834
    endloop
  endfacet
  facet normal 0.0659152 -0.072702 -0.995173
    outer loop
      vertex -2.4 2.4 0.1834
      vertex -3.6626 3.9026 -0.01
      vertex -2.00474 2.4 0.20958
    endloop
  endfacet
  facet normal 0.0658997 -0.072715 -0.995173
    outer loop
      vertex -3.6626 3.9026 -0.01
      vertex -2.4 2.4 0.1834
      vertex -3.7885 3.7885 -0.01
    endloop
  endfacet
  facet normal 0.072699 0.0659157 -0.995173
    outer loop
      vertex -3.7885 -3.7885 -0.01
      vertex -2.75824 -2.4 0.15723
      vertex -2.4 -2.4 0.1834
    endloop
  endfacet
  facet normal 0.0727174 0.065902 -0.995173
    outer loop
      vertex -2.75824 -2.4 0.15723
      vertex -3.7885 -3.7885 -0.01
      vertex -3.9026 -3.6626 -0.01
    endloop
  endfacet
  facet normal 0.0980141 -0.00482894 -0.995173
    outer loop
      vertex -2.92988 0.288568 0.22773
      vertex -3.6 0.255647 0.16189
      vertex -3.6 0.354568 0.16141
    endloop
  endfacet
  facet normal 0.0980128 -0.00484212 -0.995173
    outer loop
      vertex -4.35 0.218802 0.0882
      vertex -5.33194 0.52515 -0.01
      vertex -4.35 0.428437 0.08718
    endloop
  endfacet
  facet normal 0.0980203 -0.00481765 -0.995173
    outer loop
      vertex -5.33194 0.52515 -0.01
      vertex -4.35 0.218802 0.0882
      vertex -5.34941 0.169704 -0.01
    endloop
  endfacet
  facet normal -0.0504517 -0.0841735 -0.995173
    outer loop
      vertex 2.52562 4.72511 -0.01
      vertex 2.83087 4.54215 -0.01
      vertex 1.38782 2.59643 0.22773
    endloop
  endfacet
  facet normal 0.0788309 -0.0584531 -0.995173
    outer loop
      vertex -3.16389 2.4 0.12612
      vertex -4.14159 3.39892 -0.01
      vertex -2.92441 2.4 0.14509
    endloop
  endfacet
  facet normal 0.0788229 -0.0584609 -0.995173
    outer loop
      vertex -4.14159 3.39892 -0.01
      vertex -3.16389 2.4 0.12612
      vertex -4.35359 3.11308 -0.01
    endloop
  endfacet
  facet normal -0.0658997 -0.072715 -0.995173
    outer loop
      vertex 2.4 2.4 0.1834
      vertex 3.6626 3.9026 -0.01
      vertex 3.7885 3.7885 -0.01
    endloop
  endfacet
  facet normal -0.0659152 -0.072702 -0.995173
    outer loop
      vertex 3.6626 3.9026 -0.01
      vertex 2.4 2.4 0.1834
      vertex 2.00474 2.4 0.20958
    endloop
  endfacet
  facet normal 0.0584614 0.0788177 -0.995173
    outer loop
      vertex -1.8 -2.5 0.21395
      vertex -1.94214 -2.4 0.21352
      vertex -1.8 -2.4 0.22187
    endloop
  endfacet
  facet normal 0.0584583 0.0788249 -0.995173
    outer loop
      vertex -2.9766 -4.4548 -0.01
      vertex -1.8 -2.5 0.21395
      vertex -1.67045 -2.5 0.22156
    endloop
  endfacet
  facet normal 0.0584557 0.0788265 -0.995173
    outer loop
      vertex -3.11308 -4.35359 -0.01
      vertex -1.8 -2.5 0.21395
      vertex -2.9766 -4.4548 -0.01
    endloop
  endfacet
  facet normal 0.0584636 0.0788209 -0.995173
    outer loop
      vertex -1.8 -2.5 0.21395
      vertex -3.11308 -4.35359 -0.01
      vertex -1.94214 -2.4 0.21352
    endloop
  endfacet
  facet normal 0.0238475 0.0951937 -0.995173
    outer loop
      vertex -1.21006 -5.21351 -0.01
      vertex -0.574357 -2.88749 0.22773
      vertex -1.04524 -5.2548 -0.01
    endloop
  endfacet
  facet normal 0.0238447 0.0951945 -0.995173
    outer loop
      vertex -0.574357 -2.88749 0.22773
      vertex -1.21006 -5.21351 -0.01
      vertex -0.854615 -2.81729 0.22773
    endloop
  endfacet
  facet normal -0.0887396 0.0419797 -0.99517
    outer loop
      vertex 3.32917 -1.65 0.15136
      vertex 3.6 -1.49117 0.13391
      vertex 3.6 -1.65 0.12721
    endloop
  endfacet
  facet normal -0.0887196 0.0419453 -0.995173
    outer loop
      vertex 3.32917 -1.65 0.15136
      vertex 2.71996 -1.12664 0.22773
      vertex 3.6 -1.49117 0.13391
    endloop
  endfacet
  facet normal -0.0887097 0.0419569 -0.995173
    outer loop
      vertex 2.71996 -1.12664 0.22773
      vertex 3.32917 -1.65 0.15136
      vertex 2.59643 -1.38782 0.22773
    endloop
  endfacet
  facet normal -0.0887191 0.0419625 -0.995172
    outer loop
      vertex 4.35 -2.01526 0.04496
      vertex 4.94991 -2.05032 -0.01
      vertex 4.87726 -2.20392 -0.01
    endloop
  endfacet
  facet normal -0.0887218 0.0419183 -0.995174
    outer loop
      vertex 4.94991 -2.05032 -0.01
      vertex 4.35 -2.01526 0.04496
      vertex 4.35 -1.80183 0.05395
    endloop
  endfacet
  facet normal 0.0657592 0.0728301 -0.995174
    outer loop
      vertex -3.39892 -4.14159 -0.01
      vertex -2.00474 -2.4 0.20958
      vertex -1.96963 -2.4 0.2119
    endloop
  endfacet
  facet normal 0.0659048 0.0727134 -0.995173
    outer loop
      vertex -2.00474 -2.4 0.20958
      vertex -3.39892 -4.14159 -0.01
      vertex -3.6626 -3.9026 -0.01
    endloop
  endfacet
  facet normal 0.0419577 0.0887137 -0.995173
    outer loop
      vertex -1.38782 -2.59643 0.22773
      vertex -2.20392 -4.87726 -0.01
      vertex -2.52562 -4.72511 -0.01
    endloop
  endfacet
  facet normal -0.0951921 -0.023844 -0.995173
    outer loop
      vertex 2.81729 0.854615 0.22773
      vertex 3.6 0.716084 0.15618
      vertex 2.88749 0.574357 0.22773
    endloop
  endfacet
  facet normal -0.0951914 -0.0238402 -0.995173
    outer loop
      vertex 3.6 0.716084 0.15618
      vertex 2.81729 0.854615 0.22773
      vertex 3.6 0.970719 0.15008
    endloop
  endfacet
  facet normal -0.0951944 -0.0238343 -0.995173
    outer loop
      vertex 4.35 1.08197 0.07567
      vertex 5.2548 1.04524 -0.01
      vertex 4.35 0.865268 0.08086
    endloop
  endfacet
  facet normal -0.095195 -0.0238478 -0.995173
    outer loop
      vertex 5.2548 1.04524 -0.01
      vertex 4.35 1.08197 0.07567
      vertex 5.21351 1.21006 -0.01
    endloop
  endfacet
  facet normal -0.0659048 0.0727134 -0.995173
    outer loop
      vertex 3.39892 -4.14159 -0.01
      vertex 2.00474 -2.4 0.20958
      vertex 3.6626 -3.9026 -0.01
    endloop
  endfacet
  facet normal -0.0657592 0.0728301 -0.995174
    outer loop
      vertex 2.00474 -2.4 0.20958
      vertex 3.39892 -4.14159 -0.01
      vertex 1.96963 -2.4 0.2119
    endloop
  endfacet
  facet normal -0.0419596 0.0887129 -0.995173
    outer loop
      vertex 1.12664 -2.71996 0.22773
      vertex 2.20392 -4.87726 -0.01
      vertex 2.05032 -4.94991 -0.01
    endloop
  endfacet
  facet normal -0.0419586 0.0887133 -0.995173
    outer loop
      vertex 2.20392 -4.87726 -0.01
      vertex 1.12664 -2.71996 0.22773
      vertex 1.38782 -2.59643 0.22773
    endloop
  endfacet
  facet normal -0.0584636 -0.0788209 -0.995173
    outer loop
      vertex 1.8 2.5 0.21395
      vertex 3.11308 4.35359 -0.01
      vertex 1.94214 2.4 0.21352
    endloop
  endfacet
  facet normal -0.0584614 -0.0788177 -0.995173
    outer loop
      vertex 1.8 2.5 0.21395
      vertex 1.94214 2.4 0.21352
      vertex 1.8 2.4 0.22187
    endloop
  endfacet
  facet normal -0.0584557 -0.0788265 -0.995173
    outer loop
      vertex 3.11308 4.35359 -0.01
      vertex 1.8 2.5 0.21395
      vertex 2.9766 4.4548 -0.01
    endloop
  endfacet
  facet normal -0.0584583 -0.0788249 -0.995173
    outer loop
      vertex 2.9766 4.4548 -0.01
      vertex 1.8 2.5 0.21395
      vertex 1.67045 2.5 0.22156
    endloop
  endfacet
  facet normal 0 0 -1
    outer loop
      vertex -1.38782 -2.59643 0.22773
      vertex -1.2 -2.5 0.22773
      vertex -1.12664 -2.71996 0.22773
    endloop
  endfacet
  facet normal -0 0 -1
    outer loop
      vertex -1.2 -2.5 0.22773
      vertex -1.38782 -2.59643 0.22773
      vertex -1.5487 -2.5 0.22773
    endloop
  endfacet
  facet normal 0 0 -1
    outer loop
      vertex 1.38782 -2.59643 0.22773
      vertex 1.2 -2.5 0.22773
      vertex 1.5487 -2.5 0.22773
    endloop
  endfacet
  facet normal 0 0 -1
    outer loop
      vertex 1.12664 -2.71996 0.22773
      vertex 1.2 -2.5 0.22773
      vertex 1.38782 -2.59643 0.22773
    endloop
  endfacet
  facet normal 0 0 -1
    outer loop
      vertex 0.854615 -2.81729 0.22773
      vertex 1.2 -2.5 0.22773
      vertex 1.12664 -2.71996 0.22773
    endloop
  endfacet
  facet normal -0 0 -1
    outer loop
      vertex 1.2 -2.5 0.22773
      vertex 0.854615 -2.81729 0.22773
      vertex 1.2 -2.05 0.22773
    endloop
  endfacet
  facet normal 0 0 -1
    outer loop
      vertex 0.574357 -2.88749 0.22773
      vertex 1.2 -2.05 0.22773
      vertex 0.854615 -2.81729 0.22773
    endloop
  endfacet
  facet normal 0 0 -1
    outer loop
      vertex 0.288568 -2.92988 0.22773
      vertex 1.2 -2.05 0.22773
      vertex 0.574357 -2.88749 0.22773
    endloop
  endfacet
  facet normal 0 0 -1
    outer loop
      vertex 0 -2.94406 0.22773
      vertex 1.2 -2.05 0.22773
      vertex 0.288568 -2.92988 0.22773
    endloop
  endfacet
  facet normal 0 0 -1
    outer loop
      vertex -1.2 -2.05 0.22773
      vertex 0 -2.94406 0.22773
      vertex -0.288568 -2.92988 0.22773
    endloop
  endfacet
  facet normal 0 0 -1
    outer loop
      vertex -1.2 -2.05 0.22773
      vertex -0.288568 -2.92988 0.22773
      vertex -0.574357 -2.88749 0.22773
    endloop
  endfacet
  facet normal 0 0 -1
    outer loop
      vertex -1.2 -2.05 0.22773
      vertex -0.574357 -2.88749 0.22773
      vertex -0.854615 -2.81729 0.22773
    endloop
  endfacet
  facet normal 0 0 -1
    outer loop
      vertex -1.2 -2.5 0.22773
      vertex -0.854615 -2.81729 0.22773
      vertex -1.12664 -2.71996 0.22773
    endloop
  endfacet
  facet normal 0 0 -1
    outer loop
      vertex -0.854615 -2.81729 0.22773
      vertex -1.2 -2.5 0.22773
      vertex -1.2 -2.05 0.22773
    endloop
  endfacet
  facet normal 0 0 -1
    outer loop
      vertex 0 -2.94406 0.22773
      vertex -1.2 -2.05 0.22773
      vertex 1.2 -2.05 0.22773
    endloop
  endfacet
  facet normal 0 0 -1
    outer loop
      vertex 2.1 -1.65 0.22773
      vertex 2.94406 0 0.22773
      vertex 2.92988 -0.288568 0.22773
    endloop
  endfacet
  facet normal 0 0 -1
    outer loop
      vertex 2.1 -1.65 0.22773
      vertex 2.92988 -0.288568 0.22773
      vertex 2.88749 -0.574357 0.22773
    endloop
  endfacet
  facet normal 0 0 -1
    outer loop
      vertex 2.1 1.65 0.22773
      vertex 2.94406 0 0.22773
      vertex 2.1 -1.65 0.22773
    endloop
  endfacet
  facet normal 0 0 -1
    outer loop
      vertex 2.1 -1.65 0.22773
      vertex 2.88749 -0.574357 0.22773
      vertex 2.81729 -0.854615 0.22773
    endloop
  endfacet
  facet normal 0 0 -1
    outer loop
      vertex 2.94406 0 0.22773
      vertex 2.1 1.65 0.22773
      vertex 2.92988 0.288568 0.22773
    endloop
  endfacet
  facet normal 0 0 -1
    outer loop
      vertex 2.1 -1.65 0.22773
      vertex 2.81729 -0.854615 0.22773
      vertex 2.71996 -1.12664 0.22773
    endloop
  endfacet
  facet normal 0 0 -1
    outer loop
      vertex 2.92988 0.288568 0.22773
      vertex 2.1 1.65 0.22773
      vertex 2.88749 0.574357 0.22773
    endloop
  endfacet
  facet normal 0 0 -1
    outer loop
      vertex 2.1 -1.65 0.22773
      vertex 2.71996 -1.12664 0.22773
      vertex 2.59643 -1.38782 0.22773
    endloop
  endfacet
  facet normal 0 0 -1
    outer loop
      vertex 2.88749 0.574357 0.22773
      vertex 2.1 1.65 0.22773
      vertex 2.81729 0.854615 0.22773
    endloop
  endfacet
  facet normal 0 0 -1
    outer loop
      vertex 2.1 -1.65 0.22773
      vertex 2.59643 -1.38782 0.22773
      vertex 2.4479 -1.63563 0.22773
    endloop
  endfacet
  facet normal 0 0 -1
    outer loop
      vertex 2.81729 0.854615 0.22773
      vertex 2.1 1.65 0.22773
      vertex 2.71996 1.12664 0.22773
    endloop
  endfacet
  facet normal 0 0 -1
    outer loop
      vertex 2.1 -1.65 0.22773
      vertex 2.4479 -1.63563 0.22773
      vertex 2.43724 -1.65 0.22773
    endloop
  endfacet
  facet normal 0 0 -1
    outer loop
      vertex 2.71996 1.12664 0.22773
      vertex 2.1 1.65 0.22773
      vertex 2.59643 1.38782 0.22773
    endloop
  endfacet
  facet normal 0 0 -1
    outer loop
      vertex 2.59643 1.38782 0.22773
      vertex 2.1 1.65 0.22773
      vertex 2.4479 1.63563 0.22773
    endloop
  endfacet
  facet normal 0 0 -1
    outer loop
      vertex 2.4479 1.63563 0.22773
      vertex 2.1 1.65 0.22773
      vertex 2.43724 1.65 0.22773
    endloop
  endfacet
  facet normal 0 0 -1
    outer loop
      vertex 0.288568 2.92988 0.22773
      vertex 1.2 2.5 0.22773
      vertex 1.2 0.5 0.22773
    endloop
  endfacet
  facet normal 0 0 -1
    outer loop
      vertex 1.2 2.5 0.22773
      vertex 0.854615 2.81729 0.22773
      vertex 1.12664 2.71996 0.22773
    endloop
  endfacet
  facet normal 0 0 -1
    outer loop
      vertex 1.2 2.5 0.22773
      vertex 0.574357 2.88749 0.22773
      vertex 0.854615 2.81729 0.22773
    endloop
  endfacet
  facet normal 0 0 -1
    outer loop
      vertex 1.2 2.5 0.22773
      vertex 0.288568 2.92988 0.22773
      vertex 0.574357 2.88749 0.22773
    endloop
  endfacet
  facet normal 0 0 -1
    outer loop
      vertex 1.2 0.5 0.22773
      vertex 0 2.94406 0.22773
      vertex 0.288568 2.92988 0.22773
    endloop
  endfacet
  facet normal 0 0 -1
    outer loop
      vertex -1.2 0.5 0.22773
      vertex 0 2.94406 0.22773
      vertex 1.2 0.5 0.22773
    endloop
  endfacet
  facet normal 0 0 -1
    outer loop
      vertex 0 2.94406 0.22773
      vertex -1.2 0.5 0.22773
      vertex -0.288568 2.92988 0.22773
    endloop
  endfacet
  facet normal 0 0 -1
    outer loop
      vertex -1.2 2.5 0.22773
      vertex -0.288568 2.92988 0.22773
      vertex -1.2 0.5 0.22773
    endloop
  endfacet
  facet normal 0 0 -1
    outer loop
      vertex -0.574357 2.88749 0.22773
      vertex -1.2 2.5 0.22773
      vertex -0.854615 2.81729 0.22773
    endloop
  endfacet
  facet normal 0 0 -1
    outer loop
      vertex -0.288568 2.92988 0.22773
      vertex -1.2 2.5 0.22773
      vertex -0.574357 2.88749 0.22773
    endloop
  endfacet
  facet normal 0 0 -1
    outer loop
      vertex -0.854615 2.81729 0.22773
      vertex -1.2 2.5 0.22773
      vertex -1.12664 2.71996 0.22773
    endloop
  endfacet
  facet normal 0 0 -1
    outer loop
      vertex -1.2 2.5 0.22773
      vertex -1.38782 2.59643 0.22773
      vertex -1.12664 2.71996 0.22773
    endloop
  endfacet
  facet normal 0 -0 -1
    outer loop
      vertex -1.38782 2.59643 0.22773
      vertex -1.2 2.5 0.22773
      vertex -1.5487 2.5 0.22773
    endloop
  endfacet
  facet normal 0 0 -1
    outer loop
      vertex 1.2 2.5 0.22773
      vertex 1.38782 2.59643 0.22773
      vertex 1.5487 2.5 0.22773
    endloop
  endfacet
  facet normal -0 0 -1
    outer loop
      vertex 1.38782 2.59643 0.22773
      vertex 1.2 2.5 0.22773
      vertex 1.12664 2.71996 0.22773
    endloop
  endfacet
  facet normal 0 0 -1
    outer loop
      vertex -2.4479 -1.63563 0.22773
      vertex -2.1 -1.65 0.22773
      vertex -2.43724 -1.65 0.22773
    endloop
  endfacet
  facet normal 0 0 -1
    outer loop
      vertex -2.71996 -1.12664 0.22773
      vertex -2.1 -1.65 0.22773
      vertex -2.59643 -1.38782 0.22773
    endloop
  endfacet
  facet normal 0 0 -1
    outer loop
      vertex -2.1 -1.65 0.22773
      vertex -2.4479 -1.63563 0.22773
      vertex -2.59643 -1.38782 0.22773
    endloop
  endfacet
  facet normal 0 0 -1
    outer loop
      vertex -2.81729 -0.854615 0.22773
      vertex -2.1 -1.65 0.22773
      vertex -2.71996 -1.12664 0.22773
    endloop
  endfacet
  facet normal 0 -0 -1
    outer loop
      vertex -2.4479 1.63563 0.22773
      vertex -2.1 1.65 0.22773
      vertex -2.59643 1.38782 0.22773
    endloop
  endfacet
  facet normal -0 0 -1
    outer loop
      vertex -2.1 1.65 0.22773
      vertex -2.4479 1.63563 0.22773
      vertex -2.43724 1.65 0.22773
    endloop
  endfacet
  facet normal 0 0 -1
    outer loop
      vertex -2.88749 -0.574357 0.22773
      vertex -2.1 -1.65 0.22773
      vertex -2.81729 -0.854615 0.22773
    endloop
  endfacet
  facet normal 0 0 -1
    outer loop
      vertex -2.1 1.65 0.22773
      vertex -2.71996 1.12664 0.22773
      vertex -2.59643 1.38782 0.22773
    endloop
  endfacet
  facet normal 0 0 -1
    outer loop
      vertex -2.92988 -0.288568 0.22773
      vertex -2.1 -1.65 0.22773
      vertex -2.88749 -0.574357 0.22773
    endloop
  endfacet
  facet normal 0 0 -1
    outer loop
      vertex -2.1 1.65 0.22773
      vertex -2.81729 0.854615 0.22773
      vertex -2.71996 1.12664 0.22773
    endloop
  endfacet
  facet normal 0 0 -1
    outer loop
      vertex -2.94406 0 0.22773
      vertex -2.1 -1.65 0.22773
      vertex -2.92988 -0.288568 0.22773
    endloop
  endfacet
  facet normal 0 0 -1
    outer loop
      vertex -2.1 1.65 0.22773
      vertex -2.88749 0.574357 0.22773
      vertex -2.81729 0.854615 0.22773
    endloop
  endfacet
  facet normal 0 0 -1
    outer loop
      vertex -2.1 -1.65 0.22773
      vertex -2.94406 0 0.22773
      vertex -2.1 1.65 0.22773
    endloop
  endfacet
  facet normal 0 0 -1
    outer loop
      vertex -2.1 1.65 0.22773
      vertex -2.92988 0.288568 0.22773
      vertex -2.88749 0.574357 0.22773
    endloop
  endfacet
  facet normal 0 0 -1
    outer loop
      vertex -2.1 1.65 0.22773
      vertex -2.94406 0 0.22773
      vertex -2.92988 0.288568 0.22773
    endloop
  endfacet
  facet normal 0 0 -1
    outer loop
      vertex -1.2 -1.55 0.22773
      vertex 1.2 -0.5 0.22773
      vertex 1.2 -1.55 0.22773
    endloop
  endfacet
  facet normal -0 0 -1
    outer loop
      vertex 1.2 -0.5 0.22773
      vertex -1.2 -1.55 0.22773
      vertex -1.2 -0.5 0.22773
    endloop
  endfacet
  facet normal 0.0789074 -0.0585354 -0.995162
    outer loop
      vertex -2.43724 1.65 0.22773
      vertex -2.4479 1.63563 0.22773
      vertex -2.4694 1.65 0.22518
    endloop
  endfacet
  facet normal 0.0788307 -0.058448 -0.995173
    outer loop
      vertex -3.59185 2.4 0.09222
      vertex -4.35359 3.11308 -0.01
      vertex -3.16389 2.4 0.12612
    endloop
  endfacet
  facet normal 0.0788247 -0.0584544 -0.995173
    outer loop
      vertex -4.35359 3.11308 -0.01
      vertex -3.59185 2.4 0.09222
      vertex -4.4548 2.9766 -0.01
    endloop
  endfacet
  facet normal 0.0841963 -0.050413 -0.995173
    outer loop
      vertex -2.94994 1.65 0.18454
      vertex -2.59643 1.38782 0.22773
      vertex -3.08693 1.65 0.17295
    endloop
  endfacet
  facet normal 0.0842117 -0.0503701 -0.995174
    outer loop
      vertex -4.72511 2.52562 -0.01
      vertex -4.35 2.4 0.0281
      vertex -4.35 2.32512 0.03189
    endloop
  endfacet
  facet normal 0.0841824 -0.050457 -0.995172
    outer loop
      vertex -4.35 2.4 0.0281
      vertex -4.72511 2.52562 -0.01
      vertex -4.54215 2.83087 -0.01
    endloop
  endfacet
  facet normal 0.0841576 -0.0504682 -0.995174
    outer loop
      vertex -3.96119 2.4 0.06098
      vertex -4.35 2.4 0.0281
      vertex -4.54215 2.83087 -0.01
    endloop
  endfacet
  facet normal -0.0238447 -0.0951945 -0.995173
    outer loop
      vertex 0.574357 2.88749 0.22773
      vertex 1.21006 5.21351 -0.01
      vertex 0.854615 2.81729 0.22773
    endloop
  endfacet
  facet normal -0.0238475 -0.0951937 -0.995173
    outer loop
      vertex 1.21006 5.21351 -0.01
      vertex 0.574357 2.88749 0.22773
      vertex 1.04524 5.2548 -0.01
    endloop
  endfacet
  facet normal -0.0143992 -0.0970731 -0.995173
    outer loop
      vertex 0.574357 2.88749 0.22773
      vertex 0.877173 5.27973 -0.01
      vertex 1.04524 5.2548 -0.01
    endloop
  endfacet
  facet normal -0.0143985 -0.0970732 -0.995173
    outer loop
      vertex 0.877173 5.27973 -0.01
      vertex 0.574357 2.88749 0.22773
      vertex 0.288568 2.92988 0.22773
    endloop
  endfacet
  facet normal 0.0584614 -0.0788177 -0.995173
    outer loop
      vertex -1.8 2.4 0.22187
      vertex -1.94214 2.4 0.21352
      vertex -1.8 2.5 0.21395
    endloop
  endfacet
  facet normal 0.0584583 -0.0788249 -0.995173
    outer loop
      vertex -1.8 2.5 0.21395
      vertex -2.9766 4.4548 -0.01
      vertex -1.67045 2.5 0.22156
    endloop
  endfacet
  facet normal 0.0584636 -0.0788209 -0.995173
    outer loop
      vertex -3.11308 4.35359 -0.01
      vertex -1.8 2.5 0.21395
      vertex -1.94214 2.4 0.21352
    endloop
  endfacet
  facet normal 0.0584557 -0.0788265 -0.995173
    outer loop
      vertex -1.8 2.5 0.21395
      vertex -3.11308 4.35359 -0.01
      vertex -2.9766 4.4548 -0.01
    endloop
  endfacet
  facet normal 0.0419586 -0.0887133 -0.995173
    outer loop
      vertex -2.20392 4.87726 -0.01
      vertex -1.12664 2.71996 0.22773
      vertex -1.38782 2.59643 0.22773
    endloop
  endfacet
  facet normal 0.0419596 -0.0887129 -0.995173
    outer loop
      vertex -1.12664 2.71996 0.22773
      vertex -2.20392 4.87726 -0.01
      vertex -2.05032 4.94991 -0.01
    endloop
  endfacet
  facet normal -0.0923997 0.0330575 -0.995173
    outer loop
      vertex 3.6 -1.09205 0.14717
      vertex 3.6 -1.22481 0.14276
      vertex 2.81729 -0.854615 0.22773
    endloop
  endfacet
  facet normal -0.092399 0.0330609 -0.995173
    outer loop
      vertex 4.35 -1.57953 0.06134
      vertex 5.12704 -1.55527 -0.01
      vertex 5.00715 -1.89034 -0.01
    endloop
  endfacet
  facet normal -0.0923994 0.0330742 -0.995173
    outer loop
      vertex 5.12704 -1.55527 -0.01
      vertex 4.35 -1.57953 0.06134
      vertex 4.35 -1.31956 0.06998
    endloop
  endfacet
  facet normal 0.0887097 0.0419569 -0.995173
    outer loop
      vertex -3.32917 -1.65 0.15136
      vertex -2.71996 -1.12664 0.22773
      vertex -2.59643 -1.38782 0.22773
    endloop
  endfacet
  facet normal 0.0887396 0.0419797 -0.99517
    outer loop
      vertex -3.6 -1.49117 0.13391
      vertex -3.32917 -1.65 0.15136
      vertex -3.6 -1.65 0.12721
    endloop
  endfacet
  facet normal 0.0887196 0.0419453 -0.995173
    outer loop
      vertex -3.32917 -1.65 0.15136
      vertex -3.6 -1.49117 0.13391
      vertex -2.71996 -1.12664 0.22773
    endloop
  endfacet
  facet normal 0.0887191 0.0419625 -0.995172
    outer loop
      vertex -4.94991 -2.05032 -0.01
      vertex -4.35 -2.01526 0.04496
      vertex -4.87726 -2.20392 -0.01
    endloop
  endfacet
  facet normal 0.0887218 0.0419183 -0.995174
    outer loop
      vertex -4.35 -2.01526 0.04496
      vertex -4.94991 -2.05032 -0.01
      vertex -4.35 -1.80183 0.05395
    endloop
  endfacet
  facet normal 0.0657592 -0.0728301 -0.995174
    outer loop
      vertex -2.00474 2.4 0.20958
      vertex -3.39892 4.14159 -0.01
      vertex -1.96963 2.4 0.2119
    endloop
  endfacet
  facet normal 0.0659048 -0.0727134 -0.995173
    outer loop
      vertex -3.39892 4.14159 -0.01
      vertex -2.00474 2.4 0.20958
      vertex -3.6626 3.9026 -0.01
    endloop
  endfacet
  facet normal 0.0788309 0.0584531 -0.995173
    outer loop
      vertex -4.14159 -3.39892 -0.01
      vertex -3.16389 -2.4 0.12612
      vertex -2.92441 -2.4 0.14509
    endloop
  endfacet
  facet normal 0.0788229 0.0584609 -0.995173
    outer loop
      vertex -3.16389 -2.4 0.12612
      vertex -4.14159 -3.39892 -0.01
      vertex -4.35359 -3.11308 -0.01
    endloop
  endfacet
  facet normal 0.0970654 0.0144603 -0.995173
    outer loop
      vertex -2.92988 -0.288568 0.22773
      vertex -3.6 -0.456423 0.15993
      vertex -3.6 -0.354568 0.16141
    endloop
  endfacet
  facet normal 0.0970744 0.0143975 -0.995173
    outer loop
      vertex -5.33194 -0.52515 -0.01
      vertex -4.35 -0.644288 0.08406
      vertex -5.27973 -0.877173 -0.01
    endloop
  endfacet
  facet normal 0.0970729 0.0143846 -0.995173
    outer loop
      vertex -4.35 -0.644288 0.08406
      vertex -5.33194 -0.52515 -0.01
      vertex -4.35 -0.428437 0.08718
    endloop
  endfacet
  facet normal -0.0658997 0.072715 -0.995173
    outer loop
      vertex 3.6626 -3.9026 -0.01
      vertex 2.4 -2.4 0.1834
      vertex 3.7885 -3.7885 -0.01
    endloop
  endfacet
  facet normal -0.0659152 0.072702 -0.995173
    outer loop
      vertex 2.4 -2.4 0.1834
      vertex 3.6626 -3.9026 -0.01
      vertex 2.00474 -2.4 0.20958
    endloop
  endfacet
  facet normal 0.0330608 0.0923989 -0.995173
    outer loop
      vertex -0.854615 -2.81729 0.22773
      vertex -1.55527 -5.12704 -0.01
      vertex -1.89034 -5.00715 -0.01
    endloop
  endfacet
  facet normal -0.0143974 0.0970735 -0.995173
    outer loop
      vertex 0.877173 -5.27973 -0.01
      vertex 0.52515 -5.33194 -0.01
      vertex 0.288568 -2.92988 0.22773
    endloop
  endfacet
  facet normal -0.0951914 0.0238402 -0.995173
    outer loop
      vertex 2.81729 -0.854615 0.22773
      vertex 3.6 -0.716084 0.15618
      vertex 3.6 -0.970719 0.15008
    endloop
  endfacet
  facet normal -0.0951921 0.023844 -0.995173
    outer loop
      vertex 3.6 -0.716084 0.15618
      vertex 2.81729 -0.854615 0.22773
      vertex 2.88749 -0.574357 0.22773
    endloop
  endfacet
  facet normal -0.095195 0.0238478 -0.995173
    outer loop
      vertex 4.35 -1.08197 0.07567
      vertex 5.2548 -1.04524 -0.01
      vertex 5.21351 -1.21006 -0.01
    endloop
  endfacet
  facet normal -0.0951944 0.0238343 -0.995173
    outer loop
      vertex 5.2548 -1.04524 -0.01
      vertex 4.35 -1.08197 0.07567
      vertex 4.35 -0.865268 0.08086
    endloop
  endfacet
  facet normal 0.0841963 0.050413 -0.995173
    outer loop
      vertex -2.59643 -1.38782 0.22773
      vertex -2.94994 -1.65 0.18454
      vertex -3.08693 -1.65 0.17295
    endloop
  endfacet
  facet normal 0.0841576 0.0504682 -0.995174
    outer loop
      vertex -4.54215 -2.83087 -0.01
      vertex -4.35 -2.4 0.0281
      vertex -3.96119 -2.4 0.06098
    endloop
  endfacet
  facet normal 0.0841824 0.050457 -0.995172
    outer loop
      vertex -4.72511 -2.52562 -0.01
      vertex -4.35 -2.4 0.0281
      vertex -4.54215 -2.83087 -0.01
    endloop
  endfacet
  facet normal 0.0842117 0.0503701 -0.995174
    outer loop
      vertex -4.35 -2.4 0.0281
      vertex -4.72511 -2.52562 -0.01
      vertex -4.35 -2.32512 0.03189
    endloop
  endfacet
  facet normal -0.0504533 0.0841736 -0.995173
    outer loop
      vertex 2.83087 -4.54215 -0.01
      vertex 1.67045 -2.5 0.22156
      vertex 2.9766 -4.4548 -0.01
    endloop
  endfacet
  facet normal -0.0504458 0.0841779 -0.995173
    outer loop
      vertex 1.38782 -2.59643 0.22773
      vertex 1.67045 -2.5 0.22156
      vertex 2.83087 -4.54215 -0.01
    endloop
  endfacet
  facet normal -0.0504332 0.0841407 -0.995177
    outer loop
      vertex 1.67045 -2.5 0.22156
      vertex 1.38782 -2.59643 0.22773
      vertex 1.5487 -2.5 0.22773
    endloop
  endfacet
  facet normal -0.0419586 -0.0887133 -0.995173
    outer loop
      vertex 1.12664 2.71996 0.22773
      vertex 2.20392 4.87726 -0.01
      vertex 1.38782 2.59643 0.22773
    endloop
  endfacet
  facet normal -0.0419596 -0.0887129 -0.995173
    outer loop
      vertex 2.20392 4.87726 -0.01
      vertex 1.12664 2.71996 0.22773
      vertex 2.05032 4.94991 -0.01
    endloop
  endfacet
  facet normal -0.00481123 0.0980173 -0.995173
    outer loop
      vertex 0 -2.94406 0.22773
      vertex 0.169704 -5.34941 -0.01
      vertex 0 -5.35774 -0.01
    endloop
  endfacet
  facet normal -0.00481648 0.098017 -0.995173
    outer loop
      vertex 0.169704 -5.34941 -0.01
      vertex 0 -2.94406 0.22773
      vertex 0.288568 -2.92988 0.22773
    endloop
  endfacet
  facet normal 0.072699 -0.0659157 -0.995173
    outer loop
      vertex -2.75824 2.4 0.15723
      vertex -3.7885 3.7885 -0.01
      vertex -2.4 2.4 0.1834
    endloop
  endfacet
  facet normal 0.0727174 -0.065902 -0.995173
    outer loop
      vertex -3.7885 3.7885 -0.01
      vertex -2.75824 2.4 0.15723
      vertex -3.9026 3.6626 -0.01
    endloop
  endfacet
  facet normal -0.0923985 -0.03306 -0.995173
    outer loop
      vertex 2.71996 1.12664 0.22773
      vertex 3.6 1.22481 0.14276
      vertex 2.81729 0.854615 0.22773
    endloop
  endfacet
  facet normal -0.0923979 -0.0330653 -0.995173
    outer loop
      vertex 3.6 1.22481 0.14276
      vertex 2.71996 1.12664 0.22773
      vertex 3.6 1.49117 0.13391
    endloop
  endfacet
  facet normal -0.0923886 -0.0330829 -0.995173
    outer loop
      vertex 4.35 1.80183 0.05395
      vertex 5.00715 1.89034 -0.01
      vertex 4.35 1.57953 0.06134
    endloop
  endfacet
  facet normal -0.0923921 -0.0330574 -0.995174
    outer loop
      vertex 5.00715 1.89034 -0.01
      vertex 4.35 1.80183 0.05395
      vertex 4.94991 2.05032 -0.01
    endloop
  endfacet
  facet normal -0.0584593 0.0788208 -0.995173
    outer loop
      vertex 3.11308 -4.35359 -0.01
      vertex 1.96963 -2.4 0.2119
      vertex 3.39892 -4.14159 -0.01
    endloop
  endfacet
  facet normal -0.0586459 0.0787114 -0.995171
    outer loop
      vertex 1.96963 -2.4 0.2119
      vertex 3.11308 -4.35359 -0.01
      vertex 1.94214 -2.4 0.21352
    endloop
  endfacet
  facet normal -0.0951872 0.0238682 -0.995173
    outer loop
      vertex 3.6 -0.970719 0.15008
      vertex 3.6 -1.09205 0.14717
      vertex 2.81729 -0.854615 0.22773
    endloop
  endfacet
  facet normal -0.0951987 0.0238459 -0.995173
    outer loop
      vertex 4.35 -1.31956 0.06998
      vertex 5.21351 -1.21006 -0.01
      vertex 5.12704 -1.55527 -0.01
    endloop
  endfacet
  facet normal -0.0951971 0.0238332 -0.995173
    outer loop
      vertex 5.21351 -1.21006 -0.01
      vertex 4.35 -1.31956 0.06998
      vertex 4.35 -1.08197 0.07567
    endloop
  endfacet
  facet normal -0.0970654 -0.0144603 -0.995173
    outer loop
      vertex 3.6 0.456423 0.15993
      vertex 3.6 0.354568 0.16141
      vertex 2.92988 0.288568 0.22773
    endloop
  endfacet
  facet normal -0.0970729 -0.0143846 -0.995173
    outer loop
      vertex 4.35 0.644288 0.08406
      vertex 5.33194 0.52515 -0.01
      vertex 4.35 0.428437 0.08718
    endloop
  endfacet
  facet normal -0.0970744 -0.0143975 -0.995173
    outer loop
      vertex 5.33194 0.52515 -0.01
      vertex 4.35 0.644288 0.08406
      vertex 5.27973 0.877173 -0.01
    endloop
  endfacet
  facet normal 0.0586459 0.0787114 -0.995171
    outer loop
      vertex -3.11308 -4.35359 -0.01
      vertex -1.96963 -2.4 0.2119
      vertex -1.94214 -2.4 0.21352
    endloop
  endfacet
  facet normal 0.0584593 0.0788208 -0.995173
    outer loop
      vertex -1.96963 -2.4 0.2119
      vertex -3.11308 -4.35359 -0.01
      vertex -3.39892 -4.14159 -0.01
    endloop
  endfacet
  facet normal 0.0951872 0.0238682 -0.995173
    outer loop
      vertex -2.81729 -0.854615 0.22773
      vertex -3.6 -1.09205 0.14717
      vertex -3.6 -0.970719 0.15008
    endloop
  endfacet
  facet normal 0.0951987 0.0238459 -0.995173
    outer loop
      vertex -5.21351 -1.21006 -0.01
      vertex -4.35 -1.31956 0.06998
      vertex -5.12704 -1.55527 -0.01
    endloop
  endfacet
  facet normal 0.0951971 0.0238332 -0.995173
    outer loop
      vertex -4.35 -1.31956 0.06998
      vertex -5.21351 -1.21006 -0.01
      vertex -4.35 -1.08197 0.07567
    endloop
  endfacet
  facet normal 0.0923979 0.0330653 -0.995173
    outer loop
      vertex -3.6 -1.22481 0.14276
      vertex -2.71996 -1.12664 0.22773
      vertex -3.6 -1.49117 0.13391
    endloop
  endfacet
  facet normal 0.0923985 0.03306 -0.995173
    outer loop
      vertex -2.71996 -1.12664 0.22773
      vertex -3.6 -1.22481 0.14276
      vertex -2.81729 -0.854615 0.22773
    endloop
  endfacet
  facet normal 0.0923921 0.0330574 -0.995174
    outer loop
      vertex -5.00715 -1.89034 -0.01
      vertex -4.35 -1.80183 0.05395
      vertex -4.94991 -2.05032 -0.01
    endloop
  endfacet
  facet normal 0.0923886 0.0330829 -0.995173
    outer loop
      vertex -4.35 -1.80183 0.05395
      vertex -5.00715 -1.89034 -0.01
      vertex -4.35 -1.57953 0.06134
    endloop
  endfacet
  facet normal 0.0419596 0.0887129 -0.995173
    outer loop
      vertex -2.20392 -4.87726 -0.01
      vertex -1.12664 -2.71996 0.22773
      vertex -2.05032 -4.94991 -0.01
    endloop
  endfacet
  facet normal 0.0419586 0.0887133 -0.995173
    outer loop
      vertex -1.12664 -2.71996 0.22773
      vertex -2.20392 -4.87726 -0.01
      vertex -1.38782 -2.59643 0.22773
    endloop
  endfacet
  facet normal 0.0887097 -0.0419569 -0.995173
    outer loop
      vertex -2.71996 1.12664 0.22773
      vertex -3.32917 1.65 0.15136
      vertex -2.59643 1.38782 0.22773
    endloop
  endfacet
  facet normal 0.0887196 -0.0419453 -0.995173
    outer loop
      vertex -3.6 1.49117 0.13391
      vertex -3.32917 1.65 0.15136
      vertex -2.71996 1.12664 0.22773
    endloop
  endfacet
  facet normal 0.0887396 -0.0419797 -0.99517
    outer loop
      vertex -3.32917 1.65 0.15136
      vertex -3.6 1.49117 0.13391
      vertex -3.6 1.65 0.12721
    endloop
  endfacet
  facet normal 0.0887218 -0.0419183 -0.995174
    outer loop
      vertex -4.94991 2.05032 -0.01
      vertex -4.35 2.01526 0.04496
      vertex -4.35 1.80183 0.05395
    endloop
  endfacet
  facet normal 0.0887191 -0.0419625 -0.995172
    outer loop
      vertex -4.35 2.01526 0.04496
      vertex -4.94991 2.05032 -0.01
      vertex -4.87726 2.20392 -0.01
    endloop
  endfacet
  facet normal 0.0727051 -0.0659132 -0.995173
    outer loop
      vertex -2.92441 2.4 0.14509
      vertex -3.9026 3.6626 -0.01
      vertex -2.75824 2.4 0.15723
    endloop
  endfacet
  facet normal 0.0727146 -0.0659058 -0.995173
    outer loop
      vertex -3.9026 3.6626 -0.01
      vertex -2.92441 2.4 0.14509
      vertex -4.14159 3.39892 -0.01
    endloop
  endfacet
  facet normal -0.0727174 0.065902 -0.995173
    outer loop
      vertex 3.7885 -3.7885 -0.01
      vertex 2.75824 -2.4 0.15723
      vertex 3.9026 -3.6626 -0.01
    endloop
  endfacet
  facet normal -0.072699 0.0659157 -0.995173
    outer loop
      vertex 2.75824 -2.4 0.15723
      vertex 3.7885 -3.7885 -0.01
      vertex 2.4 -2.4 0.1834
    endloop
  endfacet
  facet normal 0.0659152 0.072702 -0.995173
    outer loop
      vertex -3.6626 -3.9026 -0.01
      vertex -2.4 -2.4 0.1834
      vertex -2.00474 -2.4 0.20958
    endloop
  endfacet
  facet normal 0.0658997 0.072715 -0.995173
    outer loop
      vertex -2.4 -2.4 0.1834
      vertex -3.6626 -3.9026 -0.01
      vertex -3.7885 -3.7885 -0.01
    endloop
  endfacet
  facet normal -0.0504517 0.0841735 -0.995173
    outer loop
      vertex 2.83087 -4.54215 -0.01
      vertex 2.52562 -4.72511 -0.01
      vertex 1.38782 -2.59643 0.22773
    endloop
  endfacet
  facet normal 0.0951914 0.0238402 -0.995173
    outer loop
      vertex -3.6 -0.716084 0.15618
      vertex -2.81729 -0.854615 0.22773
      vertex -3.6 -0.970719 0.15008
    endloop
  endfacet
  facet normal 0.0951921 0.023844 -0.995173
    outer loop
      vertex -2.81729 -0.854615 0.22773
      vertex -3.6 -0.716084 0.15618
      vertex -2.88749 -0.574357 0.22773
    endloop
  endfacet
  facet normal 0.095195 0.0238478 -0.995173
    outer loop
      vertex -5.2548 -1.04524 -0.01
      vertex -4.35 -1.08197 0.07567
      vertex -5.21351 -1.21006 -0.01
    endloop
  endfacet
  facet normal 0.0951944 0.0238343 -0.995173
    outer loop
      vertex -4.35 -1.08197 0.07567
      vertex -5.2548 -1.04524 -0.01
      vertex -4.35 -0.865268 0.08086
    endloop
  endfacet
  facet normal -0.0419577 0.0887137 -0.995173
    outer loop
      vertex 2.52562 -4.72511 -0.01
      vertex 2.20392 -4.87726 -0.01
      vertex 1.38782 -2.59643 0.22773
    endloop
  endfacet
  facet normal 0.0970761 0.0143722 -0.995173
    outer loop
      vertex -3.6 -0.456423 0.15993
      vertex -2.88749 -0.574357 0.22773
      vertex -3.6 -0.716084 0.15618
    endloop
  endfacet
  facet normal 0.0970806 0.0143996 -0.995172
    outer loop
      vertex -2.88749 -0.574357 0.22773
      vertex -3.6 -0.456423 0.15993
      vertex -2.92988 -0.288568 0.22773
    endloop
  endfacet
  facet normal 0.0970712 0.0143989 -0.995173
    outer loop
      vertex -5.27973 -0.877173 -0.01
      vertex -4.35 -0.865268 0.08086
      vertex -5.2548 -1.04524 -0.01
    endloop
  endfacet
  facet normal 0.097071 0.0144111 -0.995173
    outer loop
      vertex -4.35 -0.865268 0.08086
      vertex -5.27973 -0.877173 -0.01
      vertex -4.35 -0.644288 0.08406
    endloop
  endfacet
  facet normal 0.0727051 0.0659132 -0.995173
    outer loop
      vertex -3.9026 -3.6626 -0.01
      vertex -2.92441 -2.4 0.14509
      vertex -2.75824 -2.4 0.15723
    endloop
  endfacet
  facet normal 0.0727146 0.0659058 -0.995173
    outer loop
      vertex -2.92441 -2.4 0.14509
      vertex -3.9026 -3.6626 -0.01
      vertex -4.14159 -3.39892 -0.01
    endloop
  endfacet
  facet normal 0.0143974 0.0970735 -0.995173
    outer loop
      vertex -0.288568 -2.92988 0.22773
      vertex -0.52515 -5.33194 -0.01
      vertex -0.877173 -5.27973 -0.01
    endloop
  endfacet
  facet normal -0.0584557 0.0788265 -0.995173
    outer loop
      vertex 1.8 -2.5 0.21395
      vertex 3.11308 -4.35359 -0.01
      vertex 2.9766 -4.4548 -0.01
    endloop
  endfacet
  facet normal -0.0584636 0.0788209 -0.995173
    outer loop
      vertex 3.11308 -4.35359 -0.01
      vertex 1.8 -2.5 0.21395
      vertex 1.94214 -2.4 0.21352
    endloop
  endfacet
  facet normal -0.0584583 0.0788249 -0.995173
    outer loop
      vertex 1.8 -2.5 0.21395
      vertex 2.9766 -4.4548 -0.01
      vertex 1.67045 -2.5 0.22156
    endloop
  endfacet
  facet normal -0.0584614 0.0788177 -0.995173
    outer loop
      vertex 1.94214 -2.4 0.21352
      vertex 1.8 -2.5 0.21395
      vertex 1.8 -2.4 0.22187
    endloop
  endfacet
  facet normal -0.0330608 0.0923989 -0.995173
    outer loop
      vertex 1.89034 -5.00715 -0.01
      vertex 1.55527 -5.12704 -0.01
      vertex 0.854615 -2.81729 0.22773
    endloop
  endfacet
  facet normal -0.0238448 0.0951945 -0.995173
    outer loop
      vertex 1.55527 -5.12704 -0.01
      vertex 1.21006 -5.21351 -0.01
      vertex 0.854615 -2.81729 0.22773
    endloop
  endfacet
  facet normal -0.0923979 0.0330653 -0.995173
    outer loop
      vertex 2.71996 -1.12664 0.22773
      vertex 3.6 -1.22481 0.14276
      vertex 3.6 -1.49117 0.13391
    endloop
  endfacet
  facet normal -0.0923985 0.03306 -0.995173
    outer loop
      vertex 3.6 -1.22481 0.14276
      vertex 2.71996 -1.12664 0.22773
      vertex 2.81729 -0.854615 0.22773
    endloop
  endfacet
  facet normal -0.0923921 0.0330574 -0.995174
    outer loop
      vertex 4.35 -1.80183 0.05395
      vertex 5.00715 -1.89034 -0.01
      vertex 4.94991 -2.05032 -0.01
    endloop
  endfacet
  facet normal -0.0923886 0.0330829 -0.995173
    outer loop
      vertex 5.00715 -1.89034 -0.01
      vertex 4.35 -1.80183 0.05395
      vertex 4.35 -1.57953 0.06134
    endloop
  endfacet
  facet normal -0.0970654 0.0144603 -0.995173
    outer loop
      vertex 3.6 -0.354568 0.16141
      vertex 3.6 -0.456423 0.15993
      vertex 2.92988 -0.288568 0.22773
    endloop
  endfacet
  facet normal -0.0970744 0.0143975 -0.995173
    outer loop
      vertex 4.35 -0.644288 0.08406
      vertex 5.33194 -0.52515 -0.01
      vertex 5.27973 -0.877173 -0.01
    endloop
  endfacet
  facet normal -0.0970729 0.0143846 -0.995173
    outer loop
      vertex 5.33194 -0.52515 -0.01
      vertex 4.35 -0.644288 0.08406
      vertex 4.35 -0.428437 0.08718
    endloop
  endfacet
  facet normal -0.0788229 0.0584609 -0.995173
    outer loop
      vertex 4.14159 -3.39892 -0.01
      vertex 3.16389 -2.4 0.12612
      vertex 4.35359 -3.11308 -0.01
    endloop
  endfacet
  facet normal -0.0788309 0.0584531 -0.995173
    outer loop
      vertex 3.16389 -2.4 0.12612
      vertex 4.14159 -3.39892 -0.01
      vertex 2.92441 -2.4 0.14509
    endloop
  endfacet
  facet normal -0.0980141 -0.00482894 -0.995173
    outer loop
      vertex 3.6 0.354568 0.16141
      vertex 3.6 0.255647 0.16189
      vertex 2.92988 0.288568 0.22773
    endloop
  endfacet
  facet normal -0.0980203 -0.00481765 -0.995173
    outer loop
      vertex 4.35 0.218802 0.0882
      vertex 5.33194 0.52515 -0.01
      vertex 5.34941 0.169704 -0.01
    endloop
  endfacet
  facet normal -0.0980128 -0.00484212 -0.995173
    outer loop
      vertex 5.33194 0.52515 -0.01
      vertex 4.35 0.218802 0.0882
      vertex 4.35 0.428437 0.08718
    endloop
  endfacet
  facet normal -0.0980244 -0.0047881 -0.995172
    outer loop
      vertex 2.94406 0 0.22773
      vertex 3.6 0.255647 0.16189
      vertex 3.6 0 0.16312
    endloop
  endfacet
  facet normal -0.0980135 -0.0048163 -0.995173
    outer loop
      vertex 3.6 0.255647 0.16189
      vertex 2.94406 0 0.22773
      vertex 2.92988 0.288568 0.22773
    endloop
  endfacet
  facet normal -0.0980124 -0.00481098 -0.995174
    outer loop
      vertex 4.35 0 0.08925
      vertex 5.34941 0.169704 -0.01
      vertex 5.35774 0 -0.01
    endloop
  endfacet
  facet normal -0.0980183 -0.0047757 -0.995173
    outer loop
      vertex 5.34941 0.169704 -0.01
      vertex 4.35 0 0.08925
      vertex 4.35 0.218802 0.0882
    endloop
  endfacet
  facet normal -0.0789074 0.0585354 -0.995162
    outer loop
      vertex 2.4479 -1.63563 0.22773
      vertex 2.4694 -1.65 0.22518
      vertex 2.43724 -1.65 0.22773
    endloop
  endfacet
  facet normal -0.0788247 0.0584544 -0.995173
    outer loop
      vertex 4.35359 -3.11308 -0.01
      vertex 3.59185 -2.4 0.09222
      vertex 4.4548 -2.9766 -0.01
    endloop
  endfacet
  facet normal -0.0788307 0.058448 -0.995173
    outer loop
      vertex 3.59185 -2.4 0.09222
      vertex 4.35359 -3.11308 -0.01
      vertex 3.16389 -2.4 0.12612
    endloop
  endfacet
  facet normal -0.0841634 0.0504576 -0.995174
    outer loop
      vertex 2.4694 -1.65 0.22518
      vertex 2.59643 -1.38782 0.22773
      vertex 2.94994 -1.65 0.18454
    endloop
  endfacet
  facet normal -0.0842715 0.0505098 -0.995162
    outer loop
      vertex 2.59643 -1.38782 0.22773
      vertex 2.4694 -1.65 0.22518
      vertex 2.4479 -1.63563 0.22773
    endloop
  endfacet
  facet normal -0.0841701 0.0504512 -0.995173
    outer loop
      vertex 4.4548 -2.9766 -0.01
      vertex 3.96119 -2.4 0.06098
      vertex 4.54215 -2.83087 -0.01
    endloop
  endfacet
  facet normal -0.084175 0.050447 -0.995173
    outer loop
      vertex 3.96119 -2.4 0.06098
      vertex 4.4548 -2.9766 -0.01
      vertex 3.59185 -2.4 0.09222
    endloop
  endfacet
  facet normal -0.0970761 0.0143722 -0.995173
    outer loop
      vertex 2.88749 -0.574357 0.22773
      vertex 3.6 -0.456423 0.15993
      vertex 3.6 -0.716084 0.15618
    endloop
  endfacet
  facet normal -0.0970806 0.0143996 -0.995172
    outer loop
      vertex 3.6 -0.456423 0.15993
      vertex 2.88749 -0.574357 0.22773
      vertex 2.92988 -0.288568 0.22773
    endloop
  endfacet
  facet normal -0.0970712 0.0143989 -0.995173
    outer loop
      vertex 4.35 -0.865268 0.08086
      vertex 5.27973 -0.877173 -0.01
      vertex 5.2548 -1.04524 -0.01
    endloop
  endfacet
  facet normal -0.097071 0.0144111 -0.995173
    outer loop
      vertex 5.27973 -0.877173 -0.01
      vertex 4.35 -0.865268 0.08086
      vertex 4.35 -0.644288 0.08406
    endloop
  endfacet
  facet normal 1 0 0
    outer loop
      vertex -1.35 0.5 1.18
      vertex -1.35 2.4 1.18
      vertex -1.35 0.5 2.05
    endloop
  endfacet
  facet normal 1 0 0
    outer loop
      vertex -1.35 -0.5 2.05
      vertex -1.35 -2.4 1.18
      vertex -1.35 -0.5 1.18
    endloop
  endfacet
  facet normal 1 0 0
    outer loop
      vertex -1.35 -2.4 1.18
      vertex -1.35 -0.5 2.05
      vertex -1.35 -2.4 2.3
    endloop
  endfacet
  facet normal 1 0 0
    outer loop
      vertex -1.35 0.5 2.05
      vertex -1.35 -2.4 2.3
      vertex -1.35 -0.5 2.05
    endloop
  endfacet
  facet normal 1 0 -0
    outer loop
      vertex -1.35 0.5 2.05
      vertex -1.35 2.4 2.3
      vertex -1.35 -2.4 2.3
    endloop
  endfacet
  facet normal 1 0 0
    outer loop
      vertex -1.35 2.4 2.3
      vertex -1.35 0.5 2.05
      vertex -1.35 2.4 1.18
    endloop
  endfacet
  facet normal 0 0 -1
    outer loop
      vertex -1.8 -2.4 -0.2
      vertex -2.1 -1.65 -0.2
      vertex -1.8 2.4 -0.2
    endloop
  endfacet
  facet normal 0 0 -1
    outer loop
      vertex -1.8 -2.4 -0.2
      vertex -3.6 -1.65 -0.2
      vertex -2.1 -1.65 -0.2
    endloop
  endfacet
  facet normal -0 0 -1
    outer loop
      vertex -3.6 -1.65 -0.2
      vertex -4.35 -2.4 -0.2
      vertex -3.6 1.65 -0.2
    endloop
  endfacet
  facet normal 0 0 -1
    outer loop
      vertex -4.35 -2.4 -0.2
      vertex -3.6 -1.65 -0.2
      vertex -1.8 -2.4 -0.2
    endloop
  endfacet
  facet normal 0 0 -1
    outer loop
      vertex -2.1 1.65 -0.2
      vertex -1.8 2.4 -0.2
      vertex -2.1 -1.65 -0.2
    endloop
  endfacet
  facet normal 0 0 -1
    outer loop
      vertex -3.6 1.65 -0.2
      vertex -1.8 2.4 -0.2
      vertex -2.1 1.65 -0.2
    endloop
  endfacet
  facet normal 0 0 -1
    outer loop
      vertex -3.6 1.65 -0.2
      vertex -4.35 2.4 -0.2
      vertex -1.8 2.4 -0.2
    endloop
  endfacet
  facet normal 0 0 -1
    outer loop
      vertex -4.35 2.4 -0.2
      vertex -3.6 1.65 -0.2
      vertex -4.35 -2.4 -0.2
    endloop
  endfacet
  facet normal 0 0 1
    outer loop
      vertex -1.35 2.4 2.3
      vertex -2.1 1.65 2.3
      vertex -1.35 -2.4 2.3
    endloop
  endfacet
  facet normal 0 0 1
    outer loop
      vertex -1.35 2.4 2.3
      vertex -3.6 1.65 2.3
      vertex -2.1 1.65 2.3
    endloop
  endfacet
  facet normal 0 0 1
    outer loop
      vertex -3.6 1.65 2.3
      vertex -4.35 2.4 2.3
      vertex -3.6 -1.65 2.3
    endloop
  endfacet
  facet normal -0 0 1
    outer loop
      vertex -4.35 2.4 2.3
      vertex -3.6 1.65 2.3
      vertex -1.35 2.4 2.3
    endloop
  endfacet
  facet normal -0 0 1
    outer loop
      vertex -2.1 -1.65 2.3
      vertex -1.35 -2.4 2.3
      vertex -2.1 1.65 2.3
    endloop
  endfacet
  facet normal -0 0 1
    outer loop
      vertex -3.6 -1.65 2.3
      vertex -1.35 -2.4 2.3
      vertex -2.1 -1.65 2.3
    endloop
  endfacet
  facet normal 0 0 1
    outer loop
      vertex -3.6 -1.65 2.3
      vertex -4.35 -2.4 2.3
      vertex -1.35 -2.4 2.3
    endloop
  endfacet
  facet normal 0 0 1
    outer loop
      vertex -4.35 -2.4 2.3
      vertex -3.6 -1.65 2.3
      vertex -4.35 2.4 2.3
    endloop
  endfacet
  facet normal -1 0 0
    outer loop
      vertex -4.35 -2.32512 0.03189
      vertex -4.35 -2.4 -0.2
      vertex -4.35 -2.4 0.0281
    endloop
  endfacet
  facet normal -1 0 0
    outer loop
      vertex -4.35 -2.01526 0.04496
      vertex -4.35 -2.4 -0.2
      vertex -4.35 -2.32512 0.03189
    endloop
  endfacet
  facet normal -1 0 0
    outer loop
      vertex -4.35 -1.80183 0.05395
      vertex -4.35 -2.4 -0.2
      vertex -4.35 -2.01526 0.04496
    endloop
  endfacet
  facet normal -1 0 0
    outer loop
      vertex -4.35 -1.57953 0.06134
      vertex -4.35 -2.4 -0.2
      vertex -4.35 -1.80183 0.05395
    endloop
  endfacet
  facet normal -1 0 0
    outer loop
      vertex -4.35 -1.31956 0.06998
      vertex -4.35 -2.4 -0.2
      vertex -4.35 -1.57953 0.06134
    endloop
  endfacet
  facet normal -1 0 0
    outer loop
      vertex -4.35 -1.08197 0.07567
      vertex -4.35 -2.4 -0.2
      vertex -4.35 -1.31956 0.06998
    endloop
  endfacet
  facet normal -1 0 0
    outer loop
      vertex -4.35 -0.865268 0.08086
      vertex -4.35 -2.4 -0.2
      vertex -4.35 -1.08197 0.07567
    endloop
  endfacet
  facet normal -1 0 0
    outer loop
      vertex -4.35 -0.644288 0.08406
      vertex -4.35 -2.4 -0.2
      vertex -4.35 -0.865268 0.08086
    endloop
  endfacet
  facet normal -1 0 0
    outer loop
      vertex -4.35 -0.428437 0.08718
      vertex -4.35 -2.4 -0.2
      vertex -4.35 -0.644288 0.08406
    endloop
  endfacet
  facet normal -1 0 0
    outer loop
      vertex -4.35 -0.218802 0.0882
      vertex -4.35 -2.4 -0.2
      vertex -4.35 -0.428437 0.08718
    endloop
  endfacet
  facet normal -1 0 0
    outer loop
      vertex -4.35 0 0.08925
      vertex -4.35 -2.4 -0.2
      vertex -4.35 -0.218802 0.0882
    endloop
  endfacet
  facet normal -1 -0 0
    outer loop
      vertex -4.35 0.218802 0.0882
      vertex -4.35 -2.4 -0.2
      vertex -4.35 0 0.08925
    endloop
  endfacet
  facet normal -1 0 0
    outer loop
      vertex -4.35 2.4 -0.2
      vertex -4.35 0.218802 0.0882
      vertex -4.35 0.428437 0.08718
    endloop
  endfacet
  facet normal -1 0 0
    outer loop
      vertex -4.35 2.4 -0.2
      vertex -4.35 0.428437 0.08718
      vertex -4.35 0.644288 0.08406
    endloop
  endfacet
  facet normal -1 0 0
    outer loop
      vertex -4.35 2.4 -0.2
      vertex -4.35 0.644288 0.08406
      vertex -4.35 0.865268 0.08086
    endloop
  endfacet
  facet normal -1 0 0
    outer loop
      vertex -4.35 2.4 -0.2
      vertex -4.35 0.865268 0.08086
      vertex -4.35 1.08197 0.07567
    endloop
  endfacet
  facet normal -1 0 0
    outer loop
      vertex -4.35 2.4 -0.2
      vertex -4.35 1.08197 0.07567
      vertex -4.35 1.31956 0.06998
    endloop
  endfacet
  facet normal -1 0 0
    outer loop
      vertex -4.35 2.4 -0.2
      vertex -4.35 1.31956 0.06998
      vertex -4.35 1.57953 0.06134
    endloop
  endfacet
  facet normal -1 0 0
    outer loop
      vertex -4.35 2.4 -0.2
      vertex -4.35 1.57953 0.06134
      vertex -4.35 1.80183 0.05395
    endloop
  endfacet
  facet normal -1 0 0
    outer loop
      vertex -4.35 2.4 -0.2
      vertex -4.35 1.80183 0.05395
      vertex -4.35 2.01526 0.04496
    endloop
  endfacet
  facet normal -1 0 0
    outer loop
      vertex -4.35 2.4 -0.2
      vertex -4.35 2.01526 0.04496
      vertex -4.35 2.32512 0.03189
    endloop
  endfacet
  facet normal -1 0 0
    outer loop
      vertex -4.35 2.4 -0.2
      vertex -4.35 2.32512 0.03189
      vertex -4.35 2.4 0.0281
    endloop
  endfacet
  facet normal -1 0 -0
    outer loop
      vertex -4.35 0.218802 0.0882
      vertex -4.35 2.4 -0.2
      vertex -4.35 -2.4 -0.2
    endloop
  endfacet
  facet normal -1 -0 0
    outer loop
      vertex -4.35 2.4 2.3
      vertex -4.35 -2.4 1.18
      vertex -4.35 -2.4 2.3
    endloop
  endfacet
  facet normal -1 0 0
    outer loop
      vertex -4.35 -2.4 1.18
      vertex -4.35 2.4 2.3
      vertex -4.35 2.4 1.18
    endloop
  endfacet
  facet normal 0 -1 -0
    outer loop
      vertex -3.16389 -2.4 0.12612
      vertex -4.35 -2.4 -0.2
      vertex -1.8 -2.4 -0.2
    endloop
  endfacet
  facet normal 0 -1 0
    outer loop
      vertex -4.35 -2.4 -0.2
      vertex -3.96119 -2.4 0.06098
      vertex -4.35 -2.4 0.0281
    endloop
  endfacet
  facet normal 0 -1 0
    outer loop
      vertex -4.35 -2.4 -0.2
      vertex -3.59185 -2.4 0.09222
      vertex -3.96119 -2.4 0.06098
    endloop
  endfacet
  facet normal 0 -1 0
    outer loop
      vertex -4.35 -2.4 -0.2
      vertex -3.16389 -2.4 0.12612
      vertex -3.59185 -2.4 0.09222
    endloop
  endfacet
  facet normal 0 -1 0
    outer loop
      vertex -1.8 -2.4 -0.2
      vertex -2.92441 -2.4 0.14509
      vertex -3.16389 -2.4 0.12612
    endloop
  endfacet
  facet normal 0 -1 0
    outer loop
      vertex -1.8 -2.4 -0.2
      vertex -2.75824 -2.4 0.15723
      vertex -2.92441 -2.4 0.14509
    endloop
  endfacet
  facet normal 0 -1 0
    outer loop
      vertex -1.8 -2.4 -0.2
      vertex -2.4 -2.4 0.1834
      vertex -2.75824 -2.4 0.15723
    endloop
  endfacet
  facet normal 0 -1 0
    outer loop
      vertex -1.8 -2.4 -0.2
      vertex -2.00474 -2.4 0.20958
      vertex -2.4 -2.4 0.1834
    endloop
  endfacet
  facet normal 0 -1 0
    outer loop
      vertex -1.8 -2.4 -0.2
      vertex -1.96963 -2.4 0.2119
      vertex -2.00474 -2.4 0.20958
    endloop
  endfacet
  facet normal 0 -1 0
    outer loop
      vertex -1.8 -2.4 -0.2
      vertex -1.94214 -2.4 0.21352
      vertex -1.96963 -2.4 0.2119
    endloop
  endfacet
  facet normal 0 -1 0
    outer loop
      vertex -1.94214 -2.4 0.21352
      vertex -1.8 -2.4 -0.2
      vertex -1.8 -2.4 0.22187
    endloop
  endfacet
  facet normal 0 -1 -0
    outer loop
      vertex -1.35 -2.4 2.3
      vertex -4.35 -2.4 1.18
      vertex -1.35 -2.4 1.18
    endloop
  endfacet
  facet normal 0 -1 0
    outer loop
      vertex -4.35 -2.4 1.18
      vertex -1.35 -2.4 2.3
      vertex -4.35 -2.4 2.3
    endloop
  endfacet
  facet normal 0 1 0
    outer loop
      vertex -3.96119 2.4 0.06098
      vertex -4.35 2.4 -0.2
      vertex -4.35 2.4 0.0281
    endloop
  endfacet
  facet normal 0 1 0
    outer loop
      vertex -3.59185 2.4 0.09222
      vertex -4.35 2.4 -0.2
      vertex -3.96119 2.4 0.06098
    endloop
  endfacet
  facet normal 0 1 0
    outer loop
      vertex -3.16389 2.4 0.12612
      vertex -4.35 2.4 -0.2
      vertex -3.59185 2.4 0.09222
    endloop
  endfacet
  facet normal 0 1 0
    outer loop
      vertex -4.35 2.4 -0.2
      vertex -3.16389 2.4 0.12612
      vertex -1.8 2.4 -0.2
    endloop
  endfacet
  facet normal 0 1 0
    outer loop
      vertex -2.92441 2.4 0.14509
      vertex -1.8 2.4 -0.2
      vertex -3.16389 2.4 0.12612
    endloop
  endfacet
  facet normal 0 1 0
    outer loop
      vertex -2.75824 2.4 0.15723
      vertex -1.8 2.4 -0.2
      vertex -2.92441 2.4 0.14509
    endloop
  endfacet
  facet normal 0 1 0
    outer loop
      vertex -2.4 2.4 0.1834
      vertex -1.8 2.4 -0.2
      vertex -2.75824 2.4 0.15723
    endloop
  endfacet
  facet normal 0 1 0
    outer loop
      vertex -2.00474 2.4 0.20958
      vertex -1.8 2.4 -0.2
      vertex -2.4 2.4 0.1834
    endloop
  endfacet
  facet normal 0 1 0
    outer loop
      vertex -1.96963 2.4 0.2119
      vertex -1.8 2.4 -0.2
      vertex -2.00474 2.4 0.20958
    endloop
  endfacet
  facet normal 0 1 0
    outer loop
      vertex -1.94214 2.4 0.21352
      vertex -1.8 2.4 -0.2
      vertex -1.96963 2.4 0.2119
    endloop
  endfacet
  facet normal 0 1 -0
    outer loop
      vertex -1.8 2.4 -0.2
      vertex -1.94214 2.4 0.21352
      vertex -1.8 2.4 0.22187
    endloop
  endfacet
  facet normal 0 1 0
    outer loop
      vertex -4.35 2.4 2.3
      vertex -1.35 2.4 1.18
      vertex -4.35 2.4 1.18
    endloop
  endfacet
  facet normal 0 1 -0
    outer loop
      vertex -1.35 2.4 1.18
      vertex -4.35 2.4 2.3
      vertex -1.35 2.4 2.3
    endloop
  endfacet
  facet normal 1 0 0
    outer loop
      vertex 4.35 -2.4 -0.2
      vertex 4.35 -2.32512 0.03189
      vertex 4.35 -2.4 0.0281
    endloop
  endfacet
  facet normal 1 0 0
    outer loop
      vertex 4.35 -2.4 -0.2
      vertex 4.35 -2.01526 0.04496
      vertex 4.35 -2.32512 0.03189
    endloop
  endfacet
  facet normal 1 0 0
    outer loop
      vertex 4.35 -2.4 -0.2
      vertex 4.35 -1.80183 0.05395
      vertex 4.35 -2.01526 0.04496
    endloop
  endfacet
  facet normal 1 0 0
    outer loop
      vertex 4.35 -2.4 -0.2
      vertex 4.35 -1.57953 0.06134
      vertex 4.35 -1.80183 0.05395
    endloop
  endfacet
  facet normal 1 0 0
    outer loop
      vertex 4.35 -2.4 -0.2
      vertex 4.35 -1.31956 0.06998
      vertex 4.35 -1.57953 0.06134
    endloop
  endfacet
  facet normal 1 0 0
    outer loop
      vertex 4.35 -2.4 -0.2
      vertex 4.35 -1.08197 0.07567
      vertex 4.35 -1.31956 0.06998
    endloop
  endfacet
  facet normal 1 0 0
    outer loop
      vertex 4.35 -2.4 -0.2
      vertex 4.35 -0.865268 0.08086
      vertex 4.35 -1.08197 0.07567
    endloop
  endfacet
  facet normal 1 0 0
    outer loop
      vertex 4.35 -2.4 -0.2
      vertex 4.35 -0.644288 0.08406
      vertex 4.35 -0.865268 0.08086
    endloop
  endfacet
  facet normal 1 0 0
    outer loop
      vertex 4.35 -2.4 -0.2
      vertex 4.35 -0.428437 0.08718
      vertex 4.35 -0.644288 0.08406
    endloop
  endfacet
  facet normal 1 0 0
    outer loop
      vertex 4.35 -2.4 -0.2
      vertex 4.35 -0.218802 0.0882
      vertex 4.35 -0.428437 0.08718
    endloop
  endfacet
  facet normal 1 0 0
    outer loop
      vertex 4.35 -2.4 -0.2
      vertex 4.35 0 0.08925
      vertex 4.35 -0.218802 0.0882
    endloop
  endfacet
  facet normal 1 0 0
    outer loop
      vertex 4.35 -2.4 -0.2
      vertex 4.35 0.218802 0.0882
      vertex 4.35 0 0.08925
    endloop
  endfacet
  facet normal 1 0 0
    outer loop
      vertex 4.35 2.4 -0.2
      vertex 4.35 0.218802 0.0882
      vertex 4.35 -2.4 -0.2
    endloop
  endfacet
  facet normal 1 0 0
    outer loop
      vertex 4.35 0.218802 0.0882
      vertex 4.35 2.4 -0.2
      vertex 4.35 0.428437 0.08718
    endloop
  endfacet
  facet normal 1 0 0
    outer loop
      vertex 4.35 0.428437 0.08718
      vertex 4.35 2.4 -0.2
      vertex 4.35 0.644288 0.08406
    endloop
  endfacet
  facet normal 1 0 0
    outer loop
      vertex 4.35 0.644288 0.08406
      vertex 4.35 2.4 -0.2
      vertex 4.35 0.865268 0.08086
    endloop
  endfacet
  facet normal 1 0 0
    outer loop
      vertex 4.35 0.865268 0.08086
      vertex 4.35 2.4 -0.2
      vertex 4.35 1.08197 0.07567
    endloop
  endfacet
  facet normal 1 0 0
    outer loop
      vertex 4.35 1.08197 0.07567
      vertex 4.35 2.4 -0.2
      vertex 4.35 1.31956 0.06998
    endloop
  endfacet
  facet normal 1 0 0
    outer loop
      vertex 4.35 1.31956 0.06998
      vertex 4.35 2.4 -0.2
      vertex 4.35 1.57953 0.06134
    endloop
  endfacet
  facet normal 1 0 0
    outer loop
      vertex 4.35 1.57953 0.06134
      vertex 4.35 2.4 -0.2
      vertex 4.35 1.80183 0.05395
    endloop
  endfacet
  facet normal 1 0 0
    outer loop
      vertex 4.35 1.80183 0.05395
      vertex 4.35 2.4 -0.2
      vertex 4.35 2.01526 0.04496
    endloop
  endfacet
  facet normal 1 0 0
    outer loop
      vertex 4.35 2.01526 0.04496
      vertex 4.35 2.4 -0.2
      vertex 4.35 2.32512 0.03189
    endloop
  endfacet
  facet normal 1 0 0
    outer loop
      vertex 4.35 2.32512 0.03189
      vertex 4.35 2.4 -0.2
      vertex 4.35 2.4 0.0281
    endloop
  endfacet
  facet normal 1 0 0
    outer loop
      vertex 4.35 2.4 1.18
      vertex 4.35 -2.4 2.3
      vertex 4.35 -2.4 1.18
    endloop
  endfacet
  facet normal 1 -0 0
    outer loop
      vertex 4.35 -2.4 2.3
      vertex 4.35 2.4 1.18
      vertex 4.35 2.4 2.3
    endloop
  endfacet
  facet normal 0 0 -1
    outer loop
      vertex 4.35 -2.4 -0.2
      vertex 3.6 -1.65 -0.2
      vertex 4.35 2.4 -0.2
    endloop
  endfacet
  facet normal 0 0 -1
    outer loop
      vertex 1.8 -2.4 -0.2
      vertex 3.6 -1.65 -0.2
      vertex 4.35 -2.4 -0.2
    endloop
  endfacet
  facet normal -0 0 -1
    outer loop
      vertex 2.1 -1.65 -0.2
      vertex 1.8 -2.4 -0.2
      vertex 2.1 1.65 -0.2
    endloop
  endfacet
  facet normal -0 0 -1
    outer loop
      vertex 3.6 -1.65 -0.2
      vertex 1.8 -2.4 -0.2
      vertex 2.1 -1.65 -0.2
    endloop
  endfacet
  facet normal 0 0 -1
    outer loop
      vertex 3.6 1.65 -0.2
      vertex 4.35 2.4 -0.2
      vertex 3.6 -1.65 -0.2
    endloop
  endfacet
  facet normal 0 0 -1
    outer loop
      vertex 1.8 2.4 -0.2
      vertex 3.6 1.65 -0.2
      vertex 2.1 1.65 -0.2
    endloop
  endfacet
  facet normal 0 0 -1
    outer loop
      vertex 3.6 1.65 -0.2
      vertex 1.8 2.4 -0.2
      vertex 4.35 2.4 -0.2
    endloop
  endfacet
  facet normal 0 0 -1
    outer loop
      vertex 1.8 2.4 -0.2
      vertex 2.1 1.65 -0.2
      vertex 1.8 -2.4 -0.2
    endloop
  endfacet
  facet normal 0 0 1
    outer loop
      vertex 4.35 2.4 2.3
      vertex 3.6 1.65 2.3
      vertex 4.35 -2.4 2.3
    endloop
  endfacet
  facet normal 0 0 1
    outer loop
      vertex 4.35 2.4 2.3
      vertex 2.1 1.65 2.3
      vertex 3.6 1.65 2.3
    endloop
  endfacet
  facet normal 0 0 1
    outer loop
      vertex 2.1 1.65 2.3
      vertex 1.35 2.4 2.3
      vertex 2.1 -1.65 2.3
    endloop
  endfacet
  facet normal -0 0 1
    outer loop
      vertex 1.35 2.4 2.3
      vertex 2.1 1.65 2.3
      vertex 4.35 2.4 2.3
    endloop
  endfacet
  facet normal -0 0 1
    outer loop
      vertex 3.6 -1.65 2.3
      vertex 4.35 -2.4 2.3
      vertex 3.6 1.65 2.3
    endloop
  endfacet
  facet normal -0 0 1
    outer loop
      vertex 2.1 -1.65 2.3
      vertex 4.35 -2.4 2.3
      vertex 3.6 -1.65 2.3
    endloop
  endfacet
  facet normal 0 0 1
    outer loop
      vertex 2.1 -1.65 2.3
      vertex 1.35 -2.4 2.3
      vertex 4.35 -2.4 2.3
    endloop
  endfacet
  facet normal 0 0 1
    outer loop
      vertex 1.35 -2.4 2.3
      vertex 2.1 -1.65 2.3
      vertex 1.35 2.4 2.3
    endloop
  endfacet
  facet normal -1 0 0
    outer loop
      vertex 1.35 -2.4 2.3
      vertex 1.35 -0.5 2.05
      vertex 1.35 -2.4 1.18
    endloop
  endfacet
  facet normal -1 0 0
    outer loop
      vertex 1.35 -2.4 2.3
      vertex 1.35 0.5 2.05
      vertex 1.35 -0.5 2.05
    endloop
  endfacet
  facet normal -1 -0 0
    outer loop
      vertex 1.35 2.4 2.3
      vertex 1.35 0.5 2.05
      vertex 1.35 -2.4 2.3
    endloop
  endfacet
  facet normal -1 0 0
    outer loop
      vertex 1.35 2.4 1.18
      vertex 1.35 0.5 2.05
      vertex 1.35 2.4 2.3
    endloop
  endfacet
  facet normal -1 0 0
    outer loop
      vertex 1.35 0.5 2.05
      vertex 1.35 2.4 1.18
      vertex 1.35 0.5 1.18
    endloop
  endfacet
  facet normal -1 0 0
    outer loop
      vertex 1.35 -2.4 1.18
      vertex 1.35 -0.5 2.05
      vertex 1.35 -0.5 1.18
    endloop
  endfacet
  facet normal 0 -1 0
    outer loop
      vertex 3.96119 -2.4 0.06098
      vertex 4.35 -2.4 -0.2
      vertex 4.35 -2.4 0.0281
    endloop
  endfacet
  facet normal 0 -1 0
    outer loop
      vertex 3.59185 -2.4 0.09222
      vertex 4.35 -2.4 -0.2
      vertex 3.96119 -2.4 0.06098
    endloop
  endfacet
  facet normal 0 -1 0
    outer loop
      vertex 3.16389 -2.4 0.12612
      vertex 4.35 -2.4 -0.2
      vertex 3.59185 -2.4 0.09222
    endloop
  endfacet
  facet normal 0 -1 0
    outer loop
      vertex 4.35 -2.4 -0.2
      vertex 3.16389 -2.4 0.12612
      vertex 1.8 -2.4 -0.2
    endloop
  endfacet
  facet normal 0 -1 -0
    outer loop
      vertex 2.92441 -2.4 0.14509
      vertex 1.8 -2.4 -0.2
      vertex 3.16389 -2.4 0.12612
    endloop
  endfacet
  facet normal 0 -1 -0
    outer loop
      vertex 2.75824 -2.4 0.15723
      vertex 1.8 -2.4 -0.2
      vertex 2.92441 -2.4 0.14509
    endloop
  endfacet
  facet normal 0 -1 -0
    outer loop
      vertex 2.4 -2.4 0.1834
      vertex 1.8 -2.4 -0.2
      vertex 2.75824 -2.4 0.15723
    endloop
  endfacet
  facet normal 0 -1 -0
    outer loop
      vertex 2.00474 -2.4 0.20958
      vertex 1.8 -2.4 -0.2
      vertex 2.4 -2.4 0.1834
    endloop
  endfacet
  facet normal 0 -1 -0
    outer loop
      vertex 1.96963 -2.4 0.2119
      vertex 1.8 -2.4 -0.2
      vertex 2.00474 -2.4 0.20958
    endloop
  endfacet
  facet normal 0 -1 -0
    outer loop
      vertex 1.94214 -2.4 0.21352
      vertex 1.8 -2.4 -0.2
      vertex 1.96963 -2.4 0.2119
    endloop
  endfacet
  facet normal 0 -1 0
    outer loop
      vertex 1.8 -2.4 -0.2
      vertex 1.94214 -2.4 0.21352
      vertex 1.8 -2.4 0.22187
    endloop
  endfacet
  facet normal 0 -1 -0
    outer loop
      vertex 4.35 -2.4 2.3
      vertex 1.35 -2.4 1.18
      vertex 4.35 -2.4 1.18
    endloop
  endfacet
  facet normal 0 -1 0
    outer loop
      vertex 1.35 -2.4 1.18
      vertex 4.35 -2.4 2.3
      vertex 1.35 -2.4 2.3
    endloop
  endfacet
  facet normal 0 1 0
    outer loop
      vertex 3.16389 2.4 0.12612
      vertex 4.35 2.4 -0.2
      vertex 1.8 2.4 -0.2
    endloop
  endfacet
  facet normal 0 1 -0
    outer loop
      vertex 4.35 2.4 -0.2
      vertex 3.96119 2.4 0.06098
      vertex 4.35 2.4 0.0281
    endloop
  endfacet
  facet normal 0 1 0
    outer loop
      vertex 4.35 2.4 -0.2
      vertex 3.59185 2.4 0.09222
      vertex 3.96119 2.4 0.06098
    endloop
  endfacet
  facet normal 0 1 0
    outer loop
      vertex 4.35 2.4 -0.2
      vertex 3.16389 2.4 0.12612
      vertex 3.59185 2.4 0.09222
    endloop
  endfacet
  facet normal 0 1 0
    outer loop
      vertex 1.8 2.4 -0.2
      vertex 2.92441 2.4 0.14509
      vertex 3.16389 2.4 0.12612
    endloop
  endfacet
  facet normal 0 1 0
    outer loop
      vertex 1.8 2.4 -0.2
      vertex 2.75824 2.4 0.15723
      vertex 2.92441 2.4 0.14509
    endloop
  endfacet
  facet normal 0 1 0
    outer loop
      vertex 1.8 2.4 -0.2
      vertex 2.4 2.4 0.1834
      vertex 2.75824 2.4 0.15723
    endloop
  endfacet
  facet normal 0 1 0
    outer loop
      vertex 1.8 2.4 -0.2
      vertex 2.00474 2.4 0.20958
      vertex 2.4 2.4 0.1834
    endloop
  endfacet
  facet normal 0 1 0
    outer loop
      vertex 1.8 2.4 -0.2
      vertex 1.96963 2.4 0.2119
      vertex 2.00474 2.4 0.20958
    endloop
  endfacet
  facet normal 0 1 0
    outer loop
      vertex 1.8 2.4 -0.2
      vertex 1.94214 2.4 0.21352
      vertex 1.96963 2.4 0.2119
    endloop
  endfacet
  facet normal 0 1 0
    outer loop
      vertex 1.94214 2.4 0.21352
      vertex 1.8 2.4 -0.2
      vertex 1.8 2.4 0.22187
    endloop
  endfacet
  facet normal 0 1 0
    outer loop
      vertex 1.35 2.4 2.3
      vertex 4.35 2.4 1.18
      vertex 1.35 2.4 1.18
    endloop
  endfacet
  facet normal 0 1 -0
    outer loop
      vertex 4.35 2.4 1.18
      vertex 1.35 2.4 2.3
      vertex 4.35 2.4 2.3
    endloop
  endfacet
  facet normal 0 0 -1
    outer loop
      vertex -1.2 -0.5 0.05
      vertex 1.2 0.5 0.05
      vertex 1.2 -0.5 0.05
    endloop
  endfacet
  facet normal -0 0 -1
    outer loop
      vertex 1.2 0.5 0.05
      vertex -1.2 -0.5 0.05
      vertex -1.2 0.5 0.05
    endloop
  endfacet
  facet normal -0 0 1
    outer loop
      vertex -1.35 0.5 2.05
      vertex 1.35 -0.5 2.05
      vertex 1.35 0.5 2.05
    endloop
  endfacet
  facet normal 0 0 1
    outer loop
      vertex 1.35 -0.5 2.05
      vertex -1.35 0.5 2.05
      vertex -1.35 -0.5 2.05
    endloop
  endfacet
  facet normal 0 -1 -0
    outer loop
      vertex 1.35 -0.5 2.05
      vertex -1.35 -0.5 1.18
      vertex 1.35 -0.5 1.18
    endloop
  endfacet
  facet normal 0 -1 0
    outer loop
      vertex -1.35 -0.5 1.18
      vertex 1.35 -0.5 2.05
      vertex -1.35 -0.5 2.05
    endloop
  endfacet
  facet normal 0 -1 -0
    outer loop
      vertex 1.2 -0.5 0.22773
      vertex -1.2 -0.5 0.05
      vertex 1.2 -0.5 0.05
    endloop
  endfacet
  facet normal 0 -1 0
    outer loop
      vertex -1.2 -0.5 0.05
      vertex 1.2 -0.5 0.22773
      vertex -1.2 -0.5 0.22773
    endloop
  endfacet
  facet normal 0 1 0
    outer loop
      vertex -1.35 0.5 2.05
      vertex 1.35 0.5 1.18
      vertex -1.35 0.5 1.18
    endloop
  endfacet
  facet normal 0 1 -0
    outer loop
      vertex 1.35 0.5 1.18
      vertex -1.35 0.5 2.05
      vertex 1.35 0.5 2.05
    endloop
  endfacet
  facet normal 0 1 0
    outer loop
      vertex -1.2 0.5 0.22773
      vertex 1.2 0.5 0.05
      vertex -1.2 0.5 0.05
    endloop
  endfacet
  facet normal 0 1 -0
    outer loop
      vertex 1.2 0.5 0.05
      vertex -1.2 0.5 0.22773
      vertex 1.2 0.5 0.22773
    endloop
  endfacet
  facet normal -1 -0 0
    outer loop
      vertex -2.1 1.65 0.22773
      vertex -2.1 -1.65 -0.2
      vertex -2.1 -1.65 0.22773
    endloop
  endfacet
  facet normal -1 0 0
    outer loop
      vertex -2.1 -1.65 -0.2
      vertex -2.1 1.65 0.22773
      vertex -2.1 1.65 -0.2
    endloop
  endfacet
  facet normal -1 -0 0
    outer loop
      vertex -2.1 1.65 2.3
      vertex -2.1 -1.65 1.18
      vertex -2.1 -1.65 2.3
    endloop
  endfacet
  facet normal -1 0 0
    outer loop
      vertex -2.1 -1.65 1.18
      vertex -2.1 1.65 2.3
      vertex -2.1 1.65 1.18
    endloop
  endfacet
  facet normal 1 0 0
    outer loop
      vertex -3.6 -1.65 -0.2
      vertex -3.6 -1.49117 0.13391
      vertex -3.6 -1.65 0.12721
    endloop
  endfacet
  facet normal 1 0 0
    outer loop
      vertex -3.6 -1.65 -0.2
      vertex -3.6 -1.22481 0.14276
      vertex -3.6 -1.49117 0.13391
    endloop
  endfacet
  facet normal 1 0 0
    outer loop
      vertex -3.6 -1.65 -0.2
      vertex -3.6 -1.09205 0.14717
      vertex -3.6 -1.22481 0.14276
    endloop
  endfacet
  facet normal 1 0 0
    outer loop
      vertex -3.6 -1.65 -0.2
      vertex -3.6 -0.970719 0.15008
      vertex -3.6 -1.09205 0.14717
    endloop
  endfacet
  facet normal 1 0 0
    outer loop
      vertex -3.6 -1.65 -0.2
      vertex -3.6 -0.716084 0.15618
      vertex -3.6 -0.970719 0.15008
    endloop
  endfacet
  facet normal 1 0 0
    outer loop
      vertex -3.6 -1.65 -0.2
      vertex -3.6 -0.456423 0.15993
      vertex -3.6 -0.716084 0.15618
    endloop
  endfacet
  facet normal 1 0 0
    outer loop
      vertex -3.6 -1.65 -0.2
      vertex -3.6 -0.354568 0.16141
      vertex -3.6 -0.456423 0.15993
    endloop
  endfacet
  facet normal 1 0 0
    outer loop
      vertex -3.6 -1.65 -0.2
      vertex -3.6 -0.255647 0.16189
      vertex -3.6 -0.354568 0.16141
    endloop
  endfacet
  facet normal 1 0 0
    outer loop
      vertex -3.6 -1.65 -0.2
      vertex -3.6 0 0.16312
      vertex -3.6 -0.255647 0.16189
    endloop
  endfacet
  facet normal 1 0 0
    outer loop
      vertex -3.6 1.65 -0.2
      vertex -3.6 0 0.16312
      vertex -3.6 -1.65 -0.2
    endloop
  endfacet
  facet normal 1 0 0
    outer loop
      vertex -3.6 0 0.16312
      vertex -3.6 1.65 -0.2
      vertex -3.6 0.255647 0.16189
    endloop
  endfacet
  facet normal 1 0 0
    outer loop
      vertex -3.6 0.255647 0.16189
      vertex -3.6 1.65 -0.2
      vertex -3.6 0.354568 0.16141
    endloop
  endfacet
  facet normal 1 0 0
    outer loop
      vertex -3.6 0.354568 0.16141
      vertex -3.6 1.65 -0.2
      vertex -3.6 0.456423 0.15993
    endloop
  endfacet
  facet normal 1 0 0
    outer loop
      vertex -3.6 0.456423 0.15993
      vertex -3.6 1.65 -0.2
      vertex -3.6 0.716084 0.15618
    endloop
  endfacet
  facet normal 1 0 0
    outer loop
      vertex -3.6 0.716084 0.15618
      vertex -3.6 1.65 -0.2
      vertex -3.6 0.970719 0.15008
    endloop
  endfacet
  facet normal 1 0 0
    outer loop
      vertex -3.6 0.970719 0.15008
      vertex -3.6 1.65 -0.2
      vertex -3.6 1.09205 0.14717
    endloop
  endfacet
  facet normal 1 0 0
    outer loop
      vertex -3.6 1.09205 0.14717
      vertex -3.6 1.65 -0.2
      vertex -3.6 1.22481 0.14276
    endloop
  endfacet
  facet normal 1 0 0
    outer loop
      vertex -3.6 1.22481 0.14276
      vertex -3.6 1.65 -0.2
      vertex -3.6 1.49117 0.13391
    endloop
  endfacet
  facet normal 1 0 0
    outer loop
      vertex -3.6 1.49117 0.13391
      vertex -3.6 1.65 -0.2
      vertex -3.6 1.65 0.12721
    endloop
  endfacet
  facet normal 1 0 0
    outer loop
      vertex -3.6 1.65 1.18
      vertex -3.6 -1.65 2.3
      vertex -3.6 -1.65 1.18
    endloop
  endfacet
  facet normal 1 -0 0
    outer loop
      vertex -3.6 -1.65 2.3
      vertex -3.6 1.65 1.18
      vertex -3.6 1.65 2.3
    endloop
  endfacet
  facet normal 0 1 0
    outer loop
      vertex -3.32917 -1.65 0.15136
      vertex -3.6 -1.65 -0.2
      vertex -3.6 -1.65 0.12721
    endloop
  endfacet
  facet normal 0 1 0
    outer loop
      vertex -3.08693 -1.65 0.17295
      vertex -3.6 -1.65 -0.2
      vertex -3.32917 -1.65 0.15136
    endloop
  endfacet
  facet normal 0 1 0
    outer loop
      vertex -2.94994 -1.65 0.18454
      vertex -3.6 -1.65 -0.2
      vertex -3.08693 -1.65 0.17295
    endloop
  endfacet
  facet normal 0 1 0
    outer loop
      vertex -3.6 -1.65 -0.2
      vertex -2.94994 -1.65 0.18454
      vertex -2.1 -1.65 -0.2
    endloop
  endfacet
  facet normal 0 1 0
    outer loop
      vertex -2.4694 -1.65 0.22518
      vertex -2.1 -1.65 -0.2
      vertex -2.94994 -1.65 0.18454
    endloop
  endfacet
  facet normal 0 1 0
    outer loop
      vertex -2.43724 -1.65 0.22773
      vertex -2.1 -1.65 -0.2
      vertex -2.4694 -1.65 0.22518
    endloop
  endfacet
  facet normal 0 1 -0
    outer loop
      vertex -2.1 -1.65 -0.2
      vertex -2.43724 -1.65 0.22773
      vertex -2.1 -1.65 0.22773
    endloop
  endfacet
  facet normal 0 1 0
    outer loop
      vertex -3.6 -1.65 2.3
      vertex -2.1 -1.65 1.18
      vertex -3.6 -1.65 1.18
    endloop
  endfacet
  facet normal 0 1 -0
    outer loop
      vertex -2.1 -1.65 1.18
      vertex -3.6 -1.65 2.3
      vertex -2.1 -1.65 2.3
    endloop
  endfacet
  facet normal 0 -1 -0
    outer loop
      vertex -2.94994 1.65 0.18454
      vertex -3.6 1.65 -0.2
      vertex -2.1 1.65 -0.2
    endloop
  endfacet
  facet normal 0 -1 0
    outer loop
      vertex -3.6 1.65 -0.2
      vertex -3.32917 1.65 0.15136
      vertex -3.6 1.65 0.12721
    endloop
  endfacet
  facet normal 0 -1 0
    outer loop
      vertex -3.6 1.65 -0.2
      vertex -3.08693 1.65 0.17295
      vertex -3.32917 1.65 0.15136
    endloop
  endfacet
  facet normal 0 -1 0
    outer loop
      vertex -3.6 1.65 -0.2
      vertex -2.94994 1.65 0.18454
      vertex -3.08693 1.65 0.17295
    endloop
  endfacet
  facet normal 0 -1 0
    outer loop
      vertex -2.1 1.65 -0.2
      vertex -2.4694 1.65 0.22518
      vertex -2.94994 1.65 0.18454
    endloop
  endfacet
  facet normal 0 -1 0
    outer loop
      vertex -2.43724 1.65 0.22773
      vertex -2.1 1.65 -0.2
      vertex -2.1 1.65 0.22773
    endloop
  endfacet
  facet normal 0 -1 0
    outer loop
      vertex -2.1 1.65 -0.2
      vertex -2.43724 1.65 0.22773
      vertex -2.4694 1.65 0.22518
    endloop
  endfacet
  facet normal 0 -1 -0
    outer loop
      vertex -2.1 1.65 2.3
      vertex -3.6 1.65 1.18
      vertex -2.1 1.65 1.18
    endloop
  endfacet
  facet normal 0 -1 0
    outer loop
      vertex -3.6 1.65 1.18
      vertex -2.1 1.65 2.3
      vertex -3.6 1.65 2.3
    endloop
  endfacet
  facet normal -1 0 0
    outer loop
      vertex 3.6 -1.49117 0.13391
      vertex 3.6 -1.65 -0.2
      vertex 3.6 -1.65 0.12721
    endloop
  endfacet
  facet normal -1 0 0
    outer loop
      vertex 3.6 -1.22481 0.14276
      vertex 3.6 -1.65 -0.2
      vertex 3.6 -1.49117 0.13391
    endloop
  endfacet
  facet normal -1 0 0
    outer loop
      vertex 3.6 -1.09205 0.14717
      vertex 3.6 -1.65 -0.2
      vertex 3.6 -1.22481 0.14276
    endloop
  endfacet
  facet normal -1 0 0
    outer loop
      vertex 3.6 -0.970719 0.15008
      vertex 3.6 -1.65 -0.2
      vertex 3.6 -1.09205 0.14717
    endloop
  endfacet
  facet normal -1 0 0
    outer loop
      vertex 3.6 -0.716084 0.15618
      vertex 3.6 -1.65 -0.2
      vertex 3.6 -0.970719 0.15008
    endloop
  endfacet
  facet normal -1 0 0
    outer loop
      vertex 3.6 -0.456423 0.15993
      vertex 3.6 -1.65 -0.2
      vertex 3.6 -0.716084 0.15618
    endloop
  endfacet
  facet normal -1 0 0
    outer loop
      vertex 3.6 -0.354568 0.16141
      vertex 3.6 -1.65 -0.2
      vertex 3.6 -0.456423 0.15993
    endloop
  endfacet
  facet normal -1 0 0
    outer loop
      vertex 3.6 -0.255647 0.16189
      vertex 3.6 -1.65 -0.2
      vertex 3.6 -0.354568 0.16141
    endloop
  endfacet
  facet normal -1 0 0
    outer loop
      vertex 3.6 0 0.16312
      vertex 3.6 -1.65 -0.2
      vertex 3.6 -0.255647 0.16189
    endloop
  endfacet
  facet normal -1 0 0
    outer loop
      vertex 3.6 1.65 -0.2
      vertex 3.6 0 0.16312
      vertex 3.6 0.255647 0.16189
    endloop
  endfacet
  facet normal -1 0 0
    outer loop
      vertex 3.6 1.65 -0.2
      vertex 3.6 0.255647 0.16189
      vertex 3.6 0.354568 0.16141
    endloop
  endfacet
  facet normal -1 0 0
    outer loop
      vertex 3.6 1.65 -0.2
      vertex 3.6 0.354568 0.16141
      vertex 3.6 0.456423 0.15993
    endloop
  endfacet
  facet normal -1 0 0
    outer loop
      vertex 3.6 1.65 -0.2
      vertex 3.6 0.456423 0.15993
      vertex 3.6 0.716084 0.15618
    endloop
  endfacet
  facet normal -1 0 0
    outer loop
      vertex 3.6 1.65 -0.2
      vertex 3.6 0.716084 0.15618
      vertex 3.6 0.970719 0.15008
    endloop
  endfacet
  facet normal -1 0 0
    outer loop
      vertex 3.6 1.65 -0.2
      vertex 3.6 0.970719 0.15008
      vertex 3.6 1.09205 0.14717
    endloop
  endfacet
  facet normal -1 0 0
    outer loop
      vertex 3.6 1.65 -0.2
      vertex 3.6 1.09205 0.14717
      vertex 3.6 1.22481 0.14276
    endloop
  endfacet
  facet normal -1 0 0
    outer loop
      vertex 3.6 1.65 -0.2
      vertex 3.6 1.22481 0.14276
      vertex 3.6 1.49117 0.13391
    endloop
  endfacet
  facet normal -1 0 0
    outer loop
      vertex 3.6 1.65 -0.2
      vertex 3.6 1.49117 0.13391
      vertex 3.6 1.65 0.12721
    endloop
  endfacet
  facet normal -1 0 -0
    outer loop
      vertex 3.6 0 0.16312
      vertex 3.6 1.65 -0.2
      vertex 3.6 -1.65 -0.2
    endloop
  endfacet
  facet normal -1 -0 0
    outer loop
      vertex 3.6 1.65 2.3
      vertex 3.6 -1.65 1.18
      vertex 3.6 -1.65 2.3
    endloop
  endfacet
  facet normal -1 0 0
    outer loop
      vertex 3.6 -1.65 1.18
      vertex 3.6 1.65 2.3
      vertex 3.6 1.65 1.18
    endloop
  endfacet
  facet normal 1 0 0
    outer loop
      vertex 2.1 1.65 -0.2
      vertex 2.1 -1.65 0.22773
      vertex 2.1 -1.65 -0.2
    endloop
  endfacet
  facet normal 1 -0 0
    outer loop
      vertex 2.1 -1.65 0.22773
      vertex 2.1 1.65 -0.2
      vertex 2.1 1.65 0.22773
    endloop
  endfacet
  facet normal 1 0 0
    outer loop
      vertex 2.1 1.65 1.18
      vertex 2.1 -1.65 2.3
      vertex 2.1 -1.65 1.18
    endloop
  endfacet
  facet normal 1 -0 0
    outer loop
      vertex 2.1 -1.65 2.3
      vertex 2.1 1.65 1.18
      vertex 2.1 1.65 2.3
    endloop
  endfacet
  facet normal 0 1 0
    outer loop
      vertex 2.94994 -1.65 0.18454
      vertex 3.6 -1.65 -0.2
      vertex 2.1 -1.65 -0.2
    endloop
  endfacet
  facet normal 0 1 -0
    outer loop
      vertex 3.6 -1.65 -0.2
      vertex 3.32917 -1.65 0.15136
      vertex 3.6 -1.65 0.12721
    endloop
  endfacet
  facet normal 0 1 0
    outer loop
      vertex 3.6 -1.65 -0.2
      vertex 3.08693 -1.65 0.17295
      vertex 3.32917 -1.65 0.15136
    endloop
  endfacet
  facet normal 0 1 0
    outer loop
      vertex 3.6 -1.65 -0.2
      vertex 2.94994 -1.65 0.18454
      vertex 3.08693 -1.65 0.17295
    endloop
  endfacet
  facet normal 0 1 0
    outer loop
      vertex 2.1 -1.65 -0.2
      vertex 2.4694 -1.65 0.22518
      vertex 2.94994 -1.65 0.18454
    endloop
  endfacet
  facet normal 0 1 0
    outer loop
      vertex 2.43724 -1.65 0.22773
      vertex 2.1 -1.65 -0.2
      vertex 2.1 -1.65 0.22773
    endloop
  endfacet
  facet normal 0 1 0
    outer loop
      vertex 2.1 -1.65 -0.2
      vertex 2.43724 -1.65 0.22773
      vertex 2.4694 -1.65 0.22518
    endloop
  endfacet
  facet normal 0 1 0
    outer loop
      vertex 2.1 -1.65 2.3
      vertex 3.6 -1.65 1.18
      vertex 2.1 -1.65 1.18
    endloop
  endfacet
  facet normal 0 1 -0
    outer loop
      vertex 3.6 -1.65 1.18
      vertex 2.1 -1.65 2.3
      vertex 3.6 -1.65 2.3
    endloop
  endfacet
  facet normal 0 -1 0
    outer loop
      vertex 3.32917 1.65 0.15136
      vertex 3.6 1.65 -0.2
      vertex 3.6 1.65 0.12721
    endloop
  endfacet
  facet normal 0 -1 0
    outer loop
      vertex 3.08693 1.65 0.17295
      vertex 3.6 1.65 -0.2
      vertex 3.32917 1.65 0.15136
    endloop
  endfacet
  facet normal 0 -1 0
    outer loop
      vertex 2.94994 1.65 0.18454
      vertex 3.6 1.65 -0.2
      vertex 3.08693 1.65 0.17295
    endloop
  endfacet
  facet normal 0 -1 0
    outer loop
      vertex 3.6 1.65 -0.2
      vertex 2.94994 1.65 0.18454
      vertex 2.1 1.65 -0.2
    endloop
  endfacet
  facet normal 0 -1 -0
    outer loop
      vertex 2.4694 1.65 0.22518
      vertex 2.1 1.65 -0.2
      vertex 2.94994 1.65 0.18454
    endloop
  endfacet
  facet normal 0 -1 -0
    outer loop
      vertex 2.43724 1.65 0.22773
      vertex 2.1 1.65 -0.2
      vertex 2.4694 1.65 0.22518
    endloop
  endfacet
  facet normal 0 -1 0
    outer loop
      vertex 2.1 1.65 -0.2
      vertex 2.43724 1.65 0.22773
      vertex 2.1 1.65 0.22773
    endloop
  endfacet
  facet normal 0 -1 -0
    outer loop
      vertex 3.6 1.65 2.3
      vertex 2.1 1.65 1.18
      vertex 3.6 1.65 1.18
    endloop
  endfacet
  facet normal 0 -1 0
    outer loop
      vertex 2.1 1.65 1.18
      vertex 3.6 1.65 2.3
      vertex 2.1 1.65 2.3
    endloop
  endfacet
  facet normal -1 -0 0
    outer loop
      vertex -1.2 -2.05 1.025
      vertex -1.2 -2.5 0.22773
      vertex -1.2 -2.5 1.025
    endloop
  endfacet
  facet normal -1 0 0
    outer loop
      vertex -1.2 -2.5 0.22773
      vertex -1.2 -2.05 1.025
      vertex -1.2 -2.05 0.22773
    endloop
  endfacet
  facet normal -1 0 0
    outer loop
      vertex -1.2 -1.55 1.025
      vertex -1.2 -0.5 0.22773
      vertex -1.2 -1.55 0.22773
    endloop
  endfacet
  facet normal -1 0 0
    outer loop
      vertex -1.2 -0.5 0.22773
      vertex -1.2 0.5 0.22773
      vertex -1.2 -0.5 0.05
    endloop
  endfacet
  facet normal -1 0 0
    outer loop
      vertex -1.2 -1.55 1.025
      vertex -1.2 0.5 0.22773
      vertex -1.2 -0.5 0.22773
    endloop
  endfacet
  facet normal -1 -0 0
    outer loop
      vertex -1.2 2.5 1.025
      vertex -1.2 0.5 0.22773
      vertex -1.2 -1.55 1.025
    endloop
  endfacet
  facet normal -1 0 0
    outer loop
      vertex -1.2 0.5 0.22773
      vertex -1.2 2.5 1.025
      vertex -1.2 2.5 0.22773
    endloop
  endfacet
  facet normal -1 0 0
    outer loop
      vertex -1.2 -0.5 0.05
      vertex -1.2 0.5 0.22773
      vertex -1.2 0.5 0.05
    endloop
  endfacet
  facet normal 0 0 -1
    outer loop
      vertex -1.8 -2.5 1.025
      vertex -1.2 -2.05 1.025
      vertex -1.2 -2.5 1.025
    endloop
  endfacet
  facet normal -0 0 -1
    outer loop
      vertex -1.2 -2.05 1.025
      vertex -1.8 -2.5 1.025
      vertex -1.2 -1.55 1.025
    endloop
  endfacet
  facet normal 0 0 -1
    outer loop
      vertex -1.8 2.5 1.025
      vertex -1.2 -1.55 1.025
      vertex -1.8 -2.5 1.025
    endloop
  endfacet
  facet normal 0 0 -1
    outer loop
      vertex -1.2 -1.55 1.025
      vertex -1.8 2.5 1.025
      vertex -1.2 2.5 1.025
    endloop
  endfacet
  facet normal 0 0 -1
    outer loop
      vertex -1.2 -2.05 1.025
      vertex 1.2 -1.55 1.025
      vertex 1.2 -2.05 1.025
    endloop
  endfacet
  facet normal -0 0 -1
    outer loop
      vertex 1.2 -1.55 1.025
      vertex -1.2 -2.05 1.025
      vertex -1.2 -1.55 1.025
    endloop
  endfacet
  facet normal 0 0 -1
    outer loop
      vertex 1.2 -2.05 1.025
      vertex 1.8 -2.5 1.025
      vertex 1.2 -2.5 1.025
    endloop
  endfacet
  facet normal 0 0 -1
    outer loop
      vertex 1.2 -1.55 1.025
      vertex 1.8 -2.5 1.025
      vertex 1.2 -2.05 1.025
    endloop
  endfacet
  facet normal 0 0 -1
    outer loop
      vertex 1.8 -2.5 1.025
      vertex 1.2 -1.55 1.025
      vertex 1.8 2.5 1.025
    endloop
  endfacet
  facet normal -0 0 -1
    outer loop
      vertex 1.8 2.5 1.025
      vertex 1.2 -1.55 1.025
      vertex 1.2 2.5 1.025
    endloop
  endfacet
  facet normal 1 0 0
    outer loop
      vertex -1.8 -2.4 -0.2
      vertex -1.8 2.4 -0.2
      vertex -1.8 -2.4 0.22187
    endloop
  endfacet
  facet normal 1 0 0
    outer loop
      vertex -1.8 -2.4 0.22187
      vertex -1.8 -2.5 1.025
      vertex -1.8 -2.5 0.21395
    endloop
  endfacet
  facet normal 1 0 0
    outer loop
      vertex -1.8 2.4 0.22187
      vertex -1.8 -2.4 0.22187
      vertex -1.8 2.4 -0.2
    endloop
  endfacet
  facet normal 1 0 -0
    outer loop
      vertex -1.8 -2.4 0.22187
      vertex -1.8 2.4 0.22187
      vertex -1.8 -2.5 1.025
    endloop
  endfacet
  facet normal 1 0 0
    outer loop
      vertex -1.8 2.5 1.025
      vertex -1.8 2.4 0.22187
      vertex -1.8 2.5 0.21395
    endloop
  endfacet
  facet normal 1 0 -0
    outer loop
      vertex -1.8 2.4 0.22187
      vertex -1.8 2.5 1.025
      vertex -1.8 -2.5 1.025
    endloop
  endfacet
  facet normal 0 1 0
    outer loop
      vertex -1.8 -2.5 1.025
      vertex -1.67045 -2.5 0.22156
      vertex -1.8 -2.5 0.21395
    endloop
  endfacet
  facet normal 0 1 0
    outer loop
      vertex -1.8 -2.5 1.025
      vertex -1.5487 -2.5 0.22773
      vertex -1.67045 -2.5 0.22156
    endloop
  endfacet
  facet normal 0 1 0
    outer loop
      vertex -1.2 -2.5 1.025
      vertex -1.5487 -2.5 0.22773
      vertex -1.8 -2.5 1.025
    endloop
  endfacet
  facet normal 0 1 0
    outer loop
      vertex -1.5487 -2.5 0.22773
      vertex -1.2 -2.5 1.025
      vertex -1.2 -2.5 0.22773
    endloop
  endfacet
  facet normal 0 -1 0
    outer loop
      vertex -1.2 2.5 0.22773
      vertex -1.2 2.5 1.025
      vertex -1.5487 2.5 0.22773
    endloop
  endfacet
  facet normal 0 -1 0
    outer loop
      vertex -1.8 2.5 1.025
      vertex -1.5487 2.5 0.22773
      vertex -1.2 2.5 1.025
    endloop
  endfacet
  facet normal -0 -1 0
    outer loop
      vertex -1.5487 2.5 0.22773
      vertex -1.8 2.5 1.025
      vertex -1.67045 2.5 0.22156
    endloop
  endfacet
  facet normal -0 -1 0
    outer loop
      vertex -1.67045 2.5 0.22156
      vertex -1.8 2.5 1.025
      vertex -1.8 2.5 0.21395
    endloop
  endfacet
  facet normal -1 0 0
    outer loop
      vertex 1.8 -2.5 1.025
      vertex 1.8 -2.4 0.22187
      vertex 1.8 -2.5 0.21395
    endloop
  endfacet
  facet normal -1 0 0
    outer loop
      vertex 1.8 -2.4 0.22187
      vertex 1.8 2.4 0.22187
      vertex 1.8 -2.4 -0.2
    endloop
  endfacet
  facet normal -1 0 0
    outer loop
      vertex 1.8 -2.5 1.025
      vertex 1.8 2.4 0.22187
      vertex 1.8 -2.4 0.22187
    endloop
  endfacet
  facet normal -1 -0 0
    outer loop
      vertex 1.8 2.5 1.025
      vertex 1.8 2.4 0.22187
      vertex 1.8 -2.5 1.025
    endloop
  endfacet
  facet normal -1 0 0
    outer loop
      vertex 1.8 2.4 0.22187
      vertex 1.8 2.5 1.025
      vertex 1.8 2.5 0.21395
    endloop
  endfacet
  facet normal -1 0 0
    outer loop
      vertex 1.8 -2.4 -0.2
      vertex 1.8 2.4 0.22187
      vertex 1.8 2.4 -0.2
    endloop
  endfacet
  facet normal 1 0 0
    outer loop
      vertex 1.2 -2.05 0.22773
      vertex 1.2 -2.5 1.025
      vertex 1.2 -2.5 0.22773
    endloop
  endfacet
  facet normal 1 -0 0
    outer loop
      vertex 1.2 -2.5 1.025
      vertex 1.2 -2.05 0.22773
      vertex 1.2 -2.05 1.025
    endloop
  endfacet
  facet normal 1 0 0
    outer loop
      vertex 1.2 -0.5 0.05
      vertex 1.2 0.5 0.05
      vertex 1.2 -0.5 0.22773
    endloop
  endfacet
  facet normal 1 0 0
    outer loop
      vertex 1.2 -0.5 0.22773
      vertex 1.2 -1.55 1.025
      vertex 1.2 -1.55 0.22773
    endloop
  endfacet
  facet normal 1 0 0
    outer loop
      vertex 1.2 0.5 0.22773
      vertex 1.2 -0.5 0.22773
      vertex 1.2 0.5 0.05
    endloop
  endfacet
  facet normal 1 0 -0
    outer loop
      vertex 1.2 -0.5 0.22773
      vertex 1.2 0.5 0.22773
      vertex 1.2 -1.55 1.025
    endloop
  endfacet
  facet normal 1 0 0
    outer loop
      vertex 1.2 2.5 1.025
      vertex 1.2 0.5 0.22773
      vertex 1.2 2.5 0.22773
    endloop
  endfacet
  facet normal 1 0 -0
    outer loop
      vertex 1.2 0.5 0.22773
      vertex 1.2 2.5 1.025
      vertex 1.2 -1.55 1.025
    endloop
  endfacet
  facet normal 0 1 0
    outer loop
      vertex 1.2 -2.5 0.22773
      vertex 1.2 -2.5 1.025
      vertex 1.5487 -2.5 0.22773
    endloop
  endfacet
  facet normal 0 1 0
    outer loop
      vertex 1.8 -2.5 1.025
      vertex 1.5487 -2.5 0.22773
      vertex 1.2 -2.5 1.025
    endloop
  endfacet
  facet normal -0 1 0
    outer loop
      vertex 1.5487 -2.5 0.22773
      vertex 1.8 -2.5 1.025
      vertex 1.67045 -2.5 0.22156
    endloop
  endfacet
  facet normal -0 1 0
    outer loop
      vertex 1.67045 -2.5 0.22156
      vertex 1.8 -2.5 1.025
      vertex 1.8 -2.5 0.21395
    endloop
  endfacet
  facet normal 0 -1 -0
    outer loop
      vertex 1.8 2.5 1.025
      vertex 1.67045 2.5 0.22156
      vertex 1.8 2.5 0.21395
    endloop
  endfacet
  facet normal 0 -1 0
    outer loop
      vertex 1.8 2.5 1.025
      vertex 1.5487 2.5 0.22773
      vertex 1.67045 2.5 0.22156
    endloop
  endfacet
  facet normal 0 -1 0
    outer loop
      vertex 1.2 2.5 1.025
      vertex 1.5487 2.5 0.22773
      vertex 1.8 2.5 1.025
    endloop
  endfacet
  facet normal 0 -1 0
    outer loop
      vertex 1.5487 2.5 0.22773
      vertex 1.2 2.5 1.025
      vertex 1.2 2.5 0.22773
    endloop
  endfacet
  facet normal 0 1 0
    outer loop
      vertex -1.2 -2.05 1.025
      vertex 1.2 -2.05 0.22773
      vertex -1.2 -2.05 0.22773
    endloop
  endfacet
  facet normal 0 1 -0
    outer loop
      vertex 1.2 -2.05 0.22773
      vertex -1.2 -2.05 1.025
      vertex 1.2 -2.05 1.025
    endloop
  endfacet
  facet normal 0 -1 -0
    outer loop
      vertex 1.2 -1.55 1.025
      vertex -1.2 -1.55 0.22773
      vertex 1.2 -1.55 0.22773
    endloop
  endfacet
  facet normal 0 -1 0
    outer loop
      vertex -1.2 -1.55 0.22773
      vertex 1.2 -1.55 1.025
      vertex -1.2 -1.55 1.025
    endloop
  endfacet
endsolid OpenSCAD_Model
